,,,,,,,Playing Time,Playing Time,Playing Time,Playing Time,Playing Time,Starts,Starts,Starts,Subs,Subs,Subs,Team Success,Team Success,Team Success,Team Success,Team Success,Team Success,,-additional
Rk,Player,Nation,Pos,Squad,Age,Born,MP,Min,Mn/MP,Min%,90s,Starts,Mn/Start,Compl,Subs,Mn/Sub,unSub,PPM,onG,onGA,+/-,+/-90,On-Off,Matches,-9999
1,Gabriel Abdias,br BRA,DF,Botafogo–RJ,18,2006,0,,,,,0,,0,0,,1,,,,,,,Matches,ca540bc9
2,Abner,br BRA,DF,Juventude,20,2004,19,1318,69,38.5,14.6,13,85,10,6,35,12,1.11,15,28,-13,-0.89,+0.01,Matches,6c0ef11c
3,Nicolás Acevedo,uy URU,MF,Bahia,25,1999,32,1690,53,49.4,18.8,18,76,6,14,23,5,1.72,26,23,+3,+0.16,+0.11,Matches,6140be7b
4,Luciano Acosta,ar ARG,MF,Fluminense,30,1994,16,1199,75,35.1,13.3,15,77,0,1,49,1,1.88,19,10,+9,+0.68,+0.59,Matches,363ba6d7
5,Adriel,br BRA,MF,Sport Recife,18,2006,5,148,30,4.3,1.6,1,45,0,4,26,6,0.00,0,5,-5,-3.04,-1.89,Matches,959e965c
6,Adson,br BRA,MF,Vasco da Gama,24,2000,10,210,21,6.1,2.3,0,,0,10,21,0,1.20,3,5,-2,-0.86,-0.77,Matches,eda38706
7,Braian Aguirre,ar ARG,DFMF,Internacional,24,2000,30,2389,80,69.9,26.5,28,83,22,2,28,2,1.27,30,44,-14,-0.53,-0.61,Matches,74b396d8
8,Carlos Alberto,br BRA,MFFW,Sport Recife,22,2002,9,330,37,9.6,3.7,4,58,0,5,20,1,0.22,1,9,-8,-2.18,-1.05,Matches,08f48d96
9,Yuri Alberto,br BRA,FW,Corinthians,23,2001,26,2005,77,58.6,22.3,21,87,14,5,38,0,1.35,26,30,-4,-0.18,-0.12,Matches,65159211
10,José Aldo,br BRA,MF,Mirassol,26,1998,30,1369,46,40.0,15.2,15,71,2,15,20,7,1.63,28,15,+13,+0.85,+0.37,Matches,2f90595a
11,João Alencar,br BRA,DF,Santos,17,2007,0,,,,,0,,0,0,,1,,,,,,,Matches,0fd7d99f
12,Alesson,br BRA,FWMF,Mirassol,25,1999,26,1456,56,42.6,16.2,16,72,1,10,31,0,1.81,33,16,+17,+1.05,+0.73,Matches,611e984e
13,Caio Alexandre,br BRA,MF,Bahia,25,1999,21,1303,62,38.1,14.5,17,72,3,4,20,2,1.76,16,15,+1,+0.07,-0.06,Matches,08ac23b7
14,Matheus Alexandre,br BRA,DF,Sport Recife,25,1999,26,1779,68,52.0,19.8,20,81,14,6,27,5,0.50,17,43,-26,-1.32,-0.16,Matches,0212e748
15,Alexsander,br BRA,MF,Atlético Mineiro,21,2003,14,828,59,24.2,9.2,8,75,1,6,38,2,1.21,14,11,+3,+0.33,+0.46,Matches,b13e7a78
16,Alisson,br BRA,MF,São Paulo,31,1993,31,1960,63,57.3,21.8,21,80,12,10,28,1,1.23,19,25,-6,-0.28,-0.40,Matches,99139fa4
17,Allan,br BRA,GK,Vasco da Gama,21,2004,0,,,,,0,,0,0,,1,,,,,,,Matches,ad5cd8fb
18,Allan,br BRA,MF,Palmeiras,20,2004,28,921,33,26.9,10.2,8,65,2,20,20,7,2.11,16,9,+7,+0.68,-0.25,Matches,aae04867
19,Allan,br BRA,MF,Botafogo–RJ,34,1991,21,965,46,28.2,10.7,11,74,4,10,15,10,1.71,12,14,-2,-0.19,-0.99,Matches,cc700722
20,Allan,br BRA,MF,Flamengo,27,1997,13,683,53,20.0,7.6,9,72,5,4,8,11,2.31,14,2,+12,+1.58,+0.30,Matches,b15e93aa
21,Allanzinho,br BRA,MF,Fortaleza,24,2000,9,287,32,8.4,3.2,2,79,0,7,18,9,0.67,3,5,-2,-0.63,-0.25,Matches,21e7822d
22,Allex,br BRA,MF,Internacional,18,2006,0,,,,,0,,0,0,,8,,,,,,,Matches,8a8200ca
23,Júnior Alonso,py PAR,DF,Atlético Mineiro,31,1993,31,2610,84,76.3,29.0,31,84,23,0,,0,1.32,33,31,+2,+0.07,+0.40,Matches,b18a3023
24,Bruno Alves,br BRA,DF,Cruzeiro,19,2005,0,,,,,0,,0,0,,2,,,,,,,Matches,637c7c17
25,Dyogo Alves,br BRA,GK,Flamengo,21,2004,1,90,90,2.6,1.0,1,90,1,0,,2,1.00,3,3,0,0.00,-1.38,Matches,be620844
26,João Alves,br BRA,MF,Flamengo,19,2005,0,,,,,0,,0,0,,2,,,,,,,Matches,ab0e9723
27,Matheus Alves,br BRA,MF,São Paulo,19,2005,8,371,46,10.8,4.1,4,65,0,4,28,3,1.00,5,4,+1,+0.24,+0.39,Matches,177f810f
28,Alysson,br BRA,MFFW,Grêmio,18,2006,31,1718,55,50.2,19.1,21,66,2,10,33,2,1.32,27,24,+3,+0.16,+0.47,Matches,99b63a82
29,Guilherme Amorim,br BRA,,Corinthians,17,2008,0,,,,,0,,0,0,,1,,,,,,,Matches,c8a4d35a
30,Francis Amuzu,be BEL,MF,Grêmio,25,1999,22,1145,52,33.5,12.7,13,71,0,9,25,5,1.27,20,20,0,0.00,+0.12,Matches,4f0fbd15
31,João Ananias,br BRA,DF,Santos,17,2007,0,,,,,0,,0,0,,3,,,,,,,Matches,91c13988
32,Felipe Anderson,br BRA,MF,Palmeiras,31,1993,31,1773,57,51.8,19.7,24,65,2,7,31,3,2.03,42,19,+23,+1.17,+0.62,Matches,9f1893b9
33,Kervin Andrade,ve VEN,MF,Fortaleza,19,2005,7,163,23,4.8,1.8,1,45,0,6,20,7,0.88,6,3,+3,+1.66,+2.15,Matches,4d3dafbc
34,André,br BRA,MF,Corinthians,18,2006,9,315,35,9.2,3.5,1,90,1,8,28,4,1.33,8,8,0,0.00,+0.14,Matches,867660e8
35,Andrei,br BRA,DF,Vitória,19,2005,0,,,,,0,,0,0,,2,,,,,,,Matches,c43d6582
36,José Andrés Martínez,ve VEN,MF,Corinthians,30,1994,24,1396,58,40.8,15.5,17,71,4,7,27,1,1.08,12,17,-5,-0.32,-0.32,Matches,c8364e8e
37,Wilker Ángel,ve VEN,DF,Juventude,31,1993,18,1423,79,41.6,15.8,16,84,12,2,41,6,1.17,14,29,-15,-0.95,-0.09,Matches,1155a7ba
38,Fabrizio Angileri,ar ARG,DF,Corinthians,30,1994,28,1638,59,47.9,18.2,17,84,14,11,18,5,1.25,22,26,-4,-0.22,-0.17,Matches,fdd26d71
39,Anthoni,br BRA,GK,Internacional,23,2002,18,1530,85,44.7,17.0,16,90,16,2,45,16,1.06,19,27,-8,-0.47,-0.23,Matches,a0b17b31
40,Marcos Antônio,br BRA,MF,São Paulo,24,2000,28,1896,68,55.4,21.1,23,77,10,5,27,1,1.64,27,23,+4,+0.19,+0.66,Matches,108fe016
41,Léo Aragão,br BRA,GK,Cruzeiro,22,2002,4,334,84,9.8,3.7,3,90,3,1,64,33,1.75,6,4,+2,+0.54,-0.10,Matches,47e05bd9
42,Guilherme Arana,br BRA,DFMF,Atlético Mineiro,27,1997,25,1748,70,51.1,19.4,20,79,13,5,33,1,1.04,27,29,-2,-0.10,-0.16,Matches,2b15a82a
43,Aranha,br BRA,GK,Palmeiras,19,2005,0,,,,,0,,0,0,,3,,,,,,,Matches,316795a6
44,Willian Arão,br BRA,MF,Santos,32,1992,13,779,60,22.8,8.7,9,79,5,4,16,4,1.69,13,8,+5,+0.58,+0.92,Matches,f47a530a
45,Luiz Araújo,br BRA,MF,Flamengo,28,1996,35,1765,50,51.6,19.6,15,77,7,20,30,1,2.17,44,16,+28,+1.43,+0.18,Matches,fa18c72e
46,Lyan Araujo,br BRA,FW,Bahia,15,2009,0,,,,,0,,0,0,,1,,,,,,,Matches,b257849f
47,Matheus Araújo,br BRA,MF,Ceará,22,2002,11,270,25,7.9,3.0,2,68,0,9,15,13,0.91,4,6,-2,-0.67,-0.55,Matches,2b0a4a75
48,Michel Araujo,uy URU,MF,Bahia,28,1996,24,852,36,24.9,9.5,8,64,1,16,21,3,1.83,20,11,+9,+0.95,+1.13,Matches,1159e4ae
49,Alexander Aravena,cl CHI,MF,Grêmio,22,2002,22,581,26,17.0,6.5,3,62,0,19,21,10,0.95,6,8,-2,-0.31,-0.28,Matches,4535ab5d
50,Robert Arboleda,ec ECU,DF,São Paulo,33,1991,24,2057,86,60.1,22.9,22,90,22,2,39,2,1.33,26,29,-3,-0.13,-0.07,Matches,269dbfc6
51,Lucas Arcanjo,br BRA,GK,Vitória,26,1998,29,2545,88,74.4,28.3,29,88,28,0,,1,1.07,27,41,-14,-0.50,-0.19,Matches,21803aa2
52,Matias Arezo,uy URU,FW,Grêmio,22,2002,8,268,34,7.8,3.0,3,75,1,5,9,4,1.25,4,8,-4,-1.34,-1.37,Matches,484ebdb0
53,Benjamin Arhin,gh GHA,MF,Internacional,18,2006,0,,,,,0,,0,0,,4,,,,,,,Matches,47de2b05
54,Jhon Arias,co COL,MFFW,Fluminense,27,1997,12,1079,90,31.5,12.0,12,90,11,0,,0,1.67,15,14,+1,+0.08,-0.30,Matches,86d96066
55,Santiago Arias,co COL,DF,Bahia,33,1992,21,1419,68,41.5,15.8,15,86,13,6,22,11,1.29,18,26,-8,-0.51,-1.05,Matches,fdd60087
56,Giorgian de Arrascaeta,uy URU,MF,Flamengo,30,1994,33,2350,71,68.7,26.1,30,75,5,3,34,0,2.21,54,10,+44,+1.69,+1.10,Matches,be8d02dd
57,Keny Arroyo,ec ECU,MF,Cruzeiro,18,2006,13,646,50,18.9,7.2,7,70,1,6,26,2,1.62,11,4,+7,+0.98,+0.42,Matches,a9c426f6
58,Arthur,br BRA,FW,Sport Recife,21,2003,6,200,33,5.8,2.2,1,54,0,5,29,4,0.33,2,4,-2,-0.90,+0.36,Matches,e93fed32
59,Arthur,br BRA,DF,Palmeiras,19,2005,0,,,,,0,,0,0,,3,,,,,,,Matches,caf3e90b
60,Artur,br BRA,MF,Botafogo–RJ,26,1998,28,1917,68,56.1,21.3,22,81,9,6,23,3,1.86,36,21,+15,+0.70,+0.40,Matches,105132cd
61,Pedro Ataíde,br BRA,FW,Atlético Mineiro,19,2005,0,,,,,0,,0,0,,1,,,,,,,Matches,69c4d392
62,Rodrigo Atencio,ar ARG,MF,Sport Recife,22,2002,19,544,29,15.9,6.0,2,60,0,17,25,12,0.53,4,8,-4,-0.66,+0.68,Matches,5540acb4
63,Athyrson,br BRA,FW,RB Bragantino,21,2004,0,,,,,0,,0,0,,17,,,,,,,Matches,2b26c3fe
64,Loide Augusto,ao ANG,MF,Vasco da Gama,24,2000,10,192,19,5.6,2.1,2,58,0,8,10,6,1.00,1,5,-4,-1.87,-1.85,Matches,aea6ca59
65,Leo Augusto Pereira,br BRA,FWMF,Vitória,24,2000,6,166,28,4.9,1.8,0,,0,6,28,9,0.33,1,4,-3,-1.63,-1.24,Matches,a3818875
66,Leo Augusto Pereira,br BRA,MFFW,Sport Recife,24,2000,16,1108,69,32.4,12.3,13,79,3,3,28,5,0.63,12,29,-17,-1.38,-0.21,Matches,a3818875
67,Renato Augusto,br BRA,MF,Fluminense,36,1988,2,20,10,0.6,0.2,0,,0,2,10,1,0.50,1,1,0,0.00,-0.29,Matches,83a6367a
68,Avellar,br BRA,DF,Vasco da Gama,18,2006,0,,,,,0,,0,0,,1,,,,,,,Matches,19536a8f
69,Gastón Ávila,ar ARG,DF,Fortaleza,23,2001,27,2321,86,67.9,25.8,25,89,24,2,46,4,1.30,35,40,-5,-0.19,+0.63,Matches,f648b2e1
70,Aylon,br BRA,MFFW,Ceará,32,1992,23,792,34,23.2,8.8,8,64,0,15,18,10,0.78,8,5,+3,+0.34,+0.65,Matches,a87daabb
71,Matheus Babi,br BRA,FW,Juventude,27,1997,20,478,24,14.0,5.3,2,53,0,18,21,6,1.10,5,12,-7,-1.32,-0.49,Matches,f48cff2c
72,Bahia,br BRA,MF,Corinthians,19,2006,2,49,25,1.4,0.5,1,45,0,1,4,8,0.50,0,1,-1,-1.84,-1.73,Matches,a4b1b158
73,Gabriel Bahia,br BRA,DF,Botafogo–RJ,26,1998,4,236,59,6.9,2.6,3,75,2,1,11,15,1.50,4,5,-1,-0.38,-0.97,Matches,af54b2db
74,Matheus Bahia,br BRA,DF,Ceará,25,1999,28,2462,88,72.0,27.4,28,88,22,0,,0,1.36,28,27,+1,+0.04,+0.69,Matches,33e3c4e5
75,Fabián Balbuena,py PAR,DF,Grêmio,33,1991,3,225,75,6.6,2.5,3,75,2,0,,0,1.33,3,2,+1,+0.40,+0.51,Matches,3626f7d9
76,Cauan Baptistella,it ITA,MF,Cruzeiro,17,2007,0,,,,,0,,0,0,,1,,,,,,,Matches,9841c617
77,Gabriel Baralhas,br BRA,MF,Vitória,26,1998,28,2276,81,66.5,25.3,26,85,18,2,35,1,1.50,31,27,+4,+0.16,+1.81,Matches,b7838aad
78,Danilo Barbosa,br BRA,DFMF,Botafogo–RJ,28,1996,3,39,13,1.1,0.4,0,,0,3,13,7,1.33,1,1,0,0.00,-0.53,Matches,0557ff4f
79,Davi Barbosa,br BRA,GK,Vitória,18,2006,0,,,,,0,,0,0,,2,,,,,,,Matches,4e2f45ec
80,Diogo Barbosa,br BRA,DF,Fortaleza,32,1992,19,1239,65,36.2,13.8,13,83,10,6,26,12,1.30,20,19,+1,+0.07,+0.73,Matches,7b9ef26b
81,Gabriel Barbosa,br BRA,FWMF,Cruzeiro,28,1996,30,1083,36,31.7,12.0,9,79,3,21,18,6,1.97,18,14,+4,+0.33,-0.44,Matches,72d0e1b6
82,Lucas Barbosa,br BRA,MF,RB Bragantino,23,2001,34,2330,69,68.1,25.9,31,72,7,3,28,0,1.24,30,37,-7,-0.27,+0.14,Matches,a28eac7e
83,Alexander Barboza,ar ARG,DF,Botafogo–RJ,29,1995,24,2147,89,62.8,23.9,24,89,23,0,,4,1.63,31,24,+7,+0.29,-0.63,Matches,b1805c80
84,Adam Bareiro,py PAR,FW,Fortaleza,28,1996,21,886,42,25.9,9.8,10,70,1,11,17,1,1.33,13,12,+1,+0.10,+0.67,Matches,afb7f0ea
85,Chrystian Barletta,br BRA,MF,Sport Recife,23,2001,34,1499,44,43.8,16.7,17,70,3,17,18,4,0.50,9,22,-13,-0.78,+0.81,Matches,d594cf58
86,Álvaro Barreal,ar ARG,MFFW,Santos,24,2000,34,2239,66,65.5,24.9,28,70,2,6,44,2,1.35,32,36,-4,-0.16,-0.08,Matches,ffca53e1
87,Jordan Barrera,co COL,MF,Botafogo–RJ,18,2006,6,307,51,9.0,3.4,2,89,0,4,33,1,2.00,9,6,+3,+0.88,+0.39,Matches,abe7a9c6
88,Kadir Barría,pa PAN,FW,Botafogo–RJ,17,2007,6,174,29,5.1,1.9,2,55,0,4,16,4,1.50,5,3,+2,+1.03,+0.54,Matches,b594dfe1
89,Cauan Barros,br BRA,MF,Vasco da Gama,20,2004,17,1340,79,39.2,14.9,16,83,8,1,17,3,1.53,27,19,+8,+0.54,+1.10,Matches,6ae4627b
90,Enmerson Batalla,co COL,MFFW,Juventude,23,2001,22,1318,60,38.5,14.6,17,68,4,5,32,3,0.82,12,27,-15,-1.02,-0.21,Matches,2ca7201b
91,Paulo Baya,br BRA,MFFW,Ceará,25,1999,15,436,29,12.7,4.8,4,63,0,11,17,5,1.13,3,7,-4,-0.83,-0.77,Matches,879d5577
92,Paulo Baya,br BRA,MF,Fluminense,25,1999,4,38,10,1.1,0.4,0,,0,4,10,5,1.75,2,1,+1,+2.37,+2.10,Matches,879d5577
93,Erick Belé,br BRA,MF,Palmeiras,18,2007,2,24,12,0.7,0.3,0,,0,2,12,6,3.00,0,0,0,0.00,-0.87,Matches,7d96f93b
94,Thiago Beltrame,br BRA,GK,Grêmio,21,2003,0,,,,,0,,0,0,,1,,,,,,,Matches,e5819c51
95,Luis Benedetti,br BRA,DF,Palmeiras,18,2006,5,377,75,11.0,4.2,4,90,4,1,17,15,1.40,8,7,+1,+0.24,-0.71,Matches,3690d4f3
96,Alan Benítez,py PAR,DFMF,Internacional,31,1994,11,550,50,16.1,6.1,5,76,3,6,29,14,1.27,9,10,-1,-0.16,+0.21,Matches,5c7c798b
97,Alexandro Bernabei,ar ARG,DFMF,Internacional,24,2000,30,2579,86,75.4,28.7,29,88,25,1,28,1,1.30,41,40,+1,+0.03,+1.53,Matches,67b09a18
98,Facundo Bernal,uy URU,MF,Fluminense,21,2003,22,1037,47,30.3,11.5,11,79,4,11,16,10,1.68,13,17,-4,-0.35,-0.91,Matches,ca34fa2e
99,Bernard,br BRA,MFFW,Atlético Mineiro,32,1992,30,1210,40,35.4,13.4,12,70,1,18,21,5,1.23,22,13,+9,+0.67,+1.08,Matches,ab4b3e35
100,Bernardo,br BRA,DF,Juventude,19,2005,1,45,45,1.3,0.5,1,45,0,0,,10,1.00,0,1,-1,-2.00,-1.12,Matches,dcd5858f
101,Cauã Berrío,br BRA,DF,Sport Recife,17,2007,0,,,,,0,,0,0,,2,,,,,,,Matches,4e0bd935
102,Matheus Bianqui,br BRA,MF,Mirassol,27,1998,13,147,11,4.3,1.6,0,,0,13,11,15,1.92,1,3,-2,-1.22,-1.94,Matches,9da67b35
103,Matheus Bidu,br BRA,DFMF,Corinthians,25,1999,26,1965,76,57.5,21.8,23,82,12,3,29,8,1.38,26,21,+5,+0.23,+0.85,Matches,b8a72293
104,Biel,br BRA,MFFW,Atlético Mineiro,23,2001,17,595,35,17.4,6.6,6,58,0,11,22,6,1.24,6,6,0,0.00,+0.03,Matches,1cb046cd
105,Rafael Bilu,br BRA,MFFW,Juventude,25,1999,15,688,46,20.1,7.6,10,56,0,5,26,4,0.87,10,13,-3,-0.39,+0.63,Matches,26880429
106,Stanley Boateng,gh GHA,DF,RB Bragantino,19,2005,0,,,,,0,,0,0,,1,,,,,,,Matches,3f0ebb69
107,Damián Bobadilla,py PAR,MF,São Paulo,23,2001,31,2100,68,61.4,23.3,22,84,14,9,28,4,1.45,33,26,+7,+0.30,+1.05,Matches,ad7d6437
108,Yannick Bolasie,cd COD,FWMF,Cruzeiro,35,1989,18,177,10,5.2,2.0,0,,0,18,10,13,1.83,4,0,+4,+2.03,+1.48,Matches,715fc0fe
109,Gabriel Bontempo,br BRA,MF,Santos,20,2005,25,997,40,29.2,11.1,9,76,2,16,20,8,1.28,17,20,-3,-0.27,-0.20,Matches,3f384407
110,Thiago Borbas,uy URU,FW,RB Bragantino,22,2002,19,580,31,17.0,6.4,5,65,1,14,18,16,1.47,9,6,+3,+0.47,+0.94,Matches,04f9c45f
111,Daniel Borges,br BRA,DF,Mirassol,31,1993,16,904,57,26.4,10.0,9,84,7,7,21,21,2.00,22,11,+11,+1.10,+0.63,Matches,71879f82
112,Marllon Borges,br BRA,DF,Ceará,32,1992,25,2083,83,60.9,23.1,23,90,23,2,7,12,1.00,18,24,-6,-0.26,-0.26,Matches,d0b29bbd
113,Pedro Borges,br BRA,MF,Fortaleza,27,1997,1,37,37,1.1,0.4,0,,0,1,37,1,0.00,0,0,0,0.00,+0.40,Matches,5bb699c4
114,Pedro Borges,br BRA,MF,Sport Recife,27,1997,13,508,39,14.9,5.6,4,73,1,9,24,6,0.69,2,11,-9,-1.59,-0.42,Matches,5bb699c4
115,Rafael Borré,co COL,FW,Internacional,29,1995,30,1809,60,52.9,20.1,20,77,7,10,27,0,1.30,19,20,-1,-0.05,+0.62,Matches,c68da769
116,Dylan Borrero,co COL,MF,Fortaleza,23,2002,0,,,,,0,,0,0,,3,,,,,,,Matches,a72d14de
117,Lucas Braga,br BRA,MFDF,Vitória,28,1996,21,968,46,28.3,10.8,11,70,3,10,20,9,1.19,6,15,-9,-0.84,-0.54,Matches,8a0a73ad
118,Bilal Brahimi,dz ALG,FWMF,Santos,24,2000,1,21,21,0.6,0.2,0,,0,1,21,7,1.00,0,1,-1,-4.29,-4.18,Matches,02bcaf8e
119,Martin Braithwaite,dk DEN,FW,Grêmio,33,1991,18,1456,81,42.6,16.2,18,81,9,0,,0,1.06,12,19,-7,-0.43,-0.62,Matches,fd771f95
120,Kauã Branco,br BRA,DF,Botafogo–RJ,18,2006,0,,,,,0,,0,0,,2,,,,,,,Matches,68ff3fdc
121,Gabriel Brazão,br BRA,GK,Santos,24,2000,38,3397,89,99.3,37.7,38,89,37,0,,0,1.24,44,50,-6,-0.16,-4.07,Matches,18c697e8
122,Brenno,br BRA,GK,Fortaleza,25,1999,15,1350,90,39.5,15.0,15,90,15,0,,11,1.44,19,21,-2,-0.13,+0.43,Matches,f002e8eb
123,Breno,br BRA,MFFW,Fortaleza,29,1996,32,2280,71,66.7,25.3,29,75,5,3,33,0,1.19,32,37,-5,-0.20,+0.59,Matches,e0016d00
124,Breno,br BRA,MF,Corinthians,19,2005,33,2522,76,73.7,28.0,31,79,11,2,31,1,1.12,28,36,-8,-0.29,-0.59,Matches,4c532308
125,Emanuel Brítez,ar ARG,DF,Fortaleza,32,1992,18,1597,89,46.7,17.7,18,89,17,0,,5,1.22,19,23,-4,-0.23,+0.32,Matches,fb29d05d
126,Bruninho,br BRA,MF,Fortaleza,19,2005,1,68,68,2.0,0.8,1,68,0,0,,5,1.00,0,0,0,0.00,+0.40,Matches,b37ff7d6
127,Fabrício Bruno,br BRA,DF,Cruzeiro,28,1996,33,2950,89,86.3,32.8,33,89,32,0,,0,1.88,49,25,+24,+0.73,+0.73,Matches,470d197b
128,Kaiki Bruno,br BRA,DF,Cruzeiro,21,2003,34,2993,88,87.5,33.3,34,88,28,0,,0,1.85,49,27,+22,+0.66,+0.24,Matches,1a36e9cb
129,Gustavo Caballero,py PAR,MF,Santos,23,2001,12,332,28,9.7,3.7,1,61,0,11,25,8,1.17,6,7,-1,-0.27,-0.15,Matches,90a38ca7
130,Arthur Cabral,br BRA,FW,Botafogo–RJ,26,1998,21,1439,69,42.1,16.0,16,82,10,5,25,1,1.67,28,17,+11,+0.69,+0.28,Matches,a820e429
131,Cacá,br BRA,DF,Corinthians,25,1999,18,1408,78,41.2,15.6,16,87,14,2,11,17,1.05,14,20,-6,-0.38,-0.43,Matches,27f4a416
132,Raúl Cáceres,py PAR,DFMF,Vitória,33,1991,20,1685,84,49.3,18.7,20,84,14,0,,6,1.50,21,23,-2,-0.11,+0.67,Matches,6d9dc5be
133,Cadu,br BRA,FW,Atlético Mineiro,20,2004,1,7,7,0.2,0.1,0,,0,1,7,13,0.00,0,0,0,0.00,+0.03,Matches,6fefa986
134,Gabriel Caipira,br BRA,DF,Corinthians,19,2005,0,,,,,0,,0,0,,1,,,,,,,Matches,6404c1d8
135,Calebe,br BRA,MF,Fortaleza,24,2000,7,229,33,6.7,2.5,2,70,0,5,18,6,0.57,4,4,0,0.00,+0.42,Matches,c84af55e
136,Jonathan Calleri,ar ARG,FW,São Paulo,31,1993,3,121,40,3.5,1.3,2,54,0,1,13,0,1.00,1,1,0,0.00,+0.11,Matches,6922f806
137,João Camargo,br BRA,FW,Flamengo,17,2007,1,18,18,0.5,0.2,0,,0,1,18,0,1.00,0,0,0,0.00,-1.35,Matches,e9e13ae9
138,Camilo,br BRA,MFDF,Grêmio,25,1999,16,735,46,21.5,8.2,6,69,1,10,32,17,1.06,4,11,-7,-0.86,-0.99,Matches,dfb81359
139,Camutanga,br BRA,DF,Vitória,31,1993,15,1238,83,36.2,13.8,15,83,10,0,,0,1.47,15,18,-3,-0.22,+0.36,Matches,c455a045
140,Luan Cândido,br BRA,DF,Grêmio,23,2001,0,,,,,0,,0,0,,5,,,,,,,Matches,ca151606
141,Luan Cândido,br BRA,DF,Sport Recife,23,2001,16,1318,82,38.5,14.6,15,85,13,1,45,0,0.38,13,36,-23,-1.57,-0.54,Matches,ca151606
142,Germán Cano,ar ARG,FW,Fluminense,36,1988,22,1498,68,43.8,16.6,18,79,4,4,19,1,1.55,14,20,-6,-0.36,-1.16,Matches,9ccf4e14
143,Agustín Canobbio,uy URU,MF,Fluminense,26,1998,30,2108,70,61.6,23.4,27,74,6,3,35,2,1.77,25,19,+6,+0.26,-0.09,Matches,4f5a2f38
144,Aitor Cantalapiedra,es ESP,MFFW,Vitória,28,1996,19,1275,67,37.3,14.2,18,70,3,1,20,2,1.42,16,24,-8,-0.56,-0.19,Matches,21a260a8
145,Juninho Capixaba,br BRA,DFMF,RB Bragantino,27,1997,24,1972,82,57.7,21.9,22,87,19,2,25,0,1.63,28,25,+3,+0.14,+1.07,Matches,91ba7336
146,Johan Carbonero,co COL,MFFW,Internacional,25,1999,23,1457,63,42.6,16.2,15,78,7,8,35,0,1.48,25,22,+3,+0.19,+0.92,Matches,9eca9710
147,Felipe Cardoso,br BRA,MF,Vitória,21,2003,3,78,26,2.3,0.9,0,,0,3,26,10,1.00,2,4,-2,-2.31,-1.90,Matches,5a9b1b3b
148,Edson Carioca,br BRA,FWMF,Mirassol,27,1997,21,1168,56,34.2,13.0,16,65,1,5,25,1,1.67,17,12,+5,+0.39,-0.37,Matches,14c679d6
149,Igor Cariús,br BRA,DFMF,Sport Recife,31,1993,28,1726,62,50.5,19.2,21,74,7,7,25,2,0.54,12,33,-21,-1.10,+0.29,Matches,662475de
150,Carlinhos,br BRA,FW,Vitória,27,1997,6,165,28,4.8,1.8,1,58,0,5,21,13,1.14,4,4,0,0.00,+0.47,Matches,37fe7c99
151,Antonio Carlos,br BRA,DF,Sport Recife,31,1993,3,270,90,7.9,3.0,3,90,3,0,,4,0.33,1,4,-3,-1.00,+0.26,Matches,949fe1e8
152,Jean Carlos Vicente,br BRA,MF,Juventude,32,1992,7,203,29,5.9,2.3,2,51,0,5,20,4,0.57,3,7,-4,-1.77,-0.93,Matches,db4b7637
153,Ruan Carneiro,br BRA,GK,Juventude,34,1990,4,360,90,10.5,4.0,4,90,4,0,,19,1.50,5,6,-1,-0.25,+0.72,Matches,8c3efb53
154,Jorge Carrascal,co COL,MF,Flamengo,26,1998,16,821,51,24.0,9.1,11,64,2,5,23,2,2.13,13,9,+4,+0.44,-1.19,Matches,3f9f0d62
155,André Carrillo,pe PER,MF,Corinthians,33,1991,22,1279,58,37.4,14.2,16,70,2,6,27,2,1.36,15,19,-4,-0.28,-0.24,Matches,7527558b
156,Gabriel Carvalho,br BRA,MF,Internacional,17,2007,3,72,24,2.1,0.8,0,,0,3,24,4,0.33,1,1,0,0.00,+0.35,Matches,0f335ab2
157,Cássio,br BRA,GK,Cruzeiro,37,1987,35,3086,88,90.2,34.3,35,88,34,0,,0,1.83,49,27,+22,+0.64,+0.10,Matches,d42f6326
158,Iury de Castilho,br BRA,FWMF,Mirassol,29,1995,9,499,55,14.6,5.5,6,72,0,3,23,0,1.22,9,10,-1,-0.18,-0.95,Matches,555311f2
159,Caue,br BRA,DF,RB Bragantino,18,2006,2,41,21,1.2,0.5,0,,0,2,21,1,0.00,1,1,0,0.00,+0.32,Matches,b8f62eb5
160,Murilo Cerqueira,br BRA,DF,Palmeiras,27,1997,20,1660,83,48.5,18.4,20,83,16,0,,7,1.90,31,14,+17,+0.92,+0.10,Matches,10fe831e
161,Julio Cesar,br BRA,DF,Fluminense,18,2006,3,176,59,5.1,2.0,2,79,1,1,18,3,1.33,2,3,-1,-0.51,-0.84,Matches,94325798
162,Kayky Chagas,br BRA,MF,Bahia,21,2003,26,890,34,26.0,9.9,8,60,0,18,23,10,1.62,15,13,+2,+0.20,+0.13,Matches,17734ea0
163,Gabriel Chapecó,br BRA,GK,Grêmio,24,2000,6,540,90,15.8,6.0,6,90,6,0,,25,1.57,10,7,+3,+0.50,+0.69,Matches,a24714b4
164,Chico,br BRA,DF,Sport Recife,26,1998,13,1060,82,31.0,11.8,12,86,11,1,25,3,0.23,5,21,-16,-1.36,-0.18,Matches,4edc0ef3
165,Chico,br BRA,MF,Mirassol,33,1991,13,349,27,10.2,3.9,2,69,0,11,19,24,2.15,4,6,-2,-0.52,-1.28,Matches,bad7d8a9
166,Christian,br BRA,MF,Cruzeiro,24,2000,30,2357,79,68.9,26.2,29,79,8,1,63,0,2.03,44,16,+28,+1.07,+1.41,Matches,a856b456
167,Chumbinho,br BRA,MF,RB Bragantino,21,2003,0,,,,,0,,0,0,,2,,,,,,,Matches,5f78c6d3
168,Cipriano,br BRA,DF,Juventude,22,2002,3,189,63,5.5,2.1,3,63,2,0,,4,1.67,2,1,+1,+0.48,+1.45,Matches,f1a1c9e2
169,Claudinho,br BRA,DFMF,Vitória,24,2000,15,901,60,26.3,10.0,9,87,7,6,20,6,0.87,8,13,-5,-0.50,-0.07,Matches,a921647d
170,Clayson,br BRA,MF,Mirassol,29,1995,6,256,43,7.5,2.8,3,69,0,3,16,3,1.00,3,6,-3,-1.05,-1.82,Matches,85c1009d
171,Clayton,br BRA,DF,Internacional,24,2000,11,762,69,22.3,8.5,8,81,5,3,39,18,1.00,8,11,-3,-0.35,-0.02,Matches,30afd787
172,Cléber,br BRA,GK,Botafogo–RJ,17,2007,0,,,,,0,,0,0,,1,,,,,,,Matches,352c1985
173,Cleiton,br BRA,DF,Flamengo,21,2003,2,79,40,2.3,0.9,0,,0,2,40,16,1.50,0,1,-1,-1.14,-2.54,Matches,741c6251
174,Mateus Cocão,br BRA,MF,Vasco da Gama,22,2002,19,593,31,17.3,6.6,5,73,1,14,16,15,1.16,4,15,-11,-1.67,-1.86,Matches,35f270b7
175,João Coni,br BRA,MF,Bahia,18,2006,0,,,,,0,,0,0,,1,,,,,,,Matches,3f07bf62
176,Igor Coronado,br BRA,MF,Corinthians,32,1992,6,342,57,10.0,3.8,3,80,1,3,34,3,1.67,7,3,+4,+1.05,+1.32,Matches,8d9544ea
177,Joaquín Correa,ar ARG,MFFW,Botafogo–RJ,30,1994,18,898,50,26.3,10.0,10,69,3,8,26,2,1.78,11,8,+3,+0.30,-0.31,Matches,45b9b619
178,Fernando Costa,br BRA,GK,RB Bragantino,20,2004,0,,,,,0,,0,0,,4,,,,,,,Matches,4e18fa77
179,Francisco da Costa,br BRA,FW,Mirassol,29,1995,20,1190,60,34.8,13.2,13,73,3,7,34,0,1.70,23,11,+12,+0.91,+0.42,Matches,bc16535e
180,Philippe Coutinho,br BRA,MF,Vasco da Gama,32,1992,30,2403,80,70.3,26.7,30,80,8,0,,1,1.43,46,38,+8,+0.30,+1.45,Matches,0ef89a37
181,Rafael Coutinho,br BRA,MF,Palmeiras,18,2006,0,,,,,0,,0,0,,2,,,,,,,Matches,e1a4f8c8
182,Lucas Crispim,br BRA,MF,Fortaleza,30,1994,10,424,42,12.4,4.7,5,60,0,5,24,3,1.50,6,11,-5,-1.06,-0.76,Matches,6501ff61
183,Franco Cristaldo,ar ARG,MF,Grêmio,28,1996,30,1259,42,36.8,14.0,11,69,1,19,26,7,1.27,18,18,0,0.00,+0.12,Matches,25b26e2e
184,Gustavo Cuellar,co COL,MF,Grêmio,32,1992,17,881,52,25.8,9.8,10,79,5,7,13,5,1.65,16,14,+2,+0.20,+0.38,Matches,cdd22fcf
185,Tomás Cuello,ar ARG,MFFW,Atlético Mineiro,24,2000,16,1203,75,35.2,13.4,14,82,6,2,29,0,1.25,15,18,-3,-0.22,-0.31,Matches,5c8615dd
186,Carlos Cuesta,co COL,DF,Vasco da Gama,25,1999,13,1092,84,31.9,12.1,12,89,10,1,26,0,1.54,20,14,+6,+0.49,+0.92,Matches,574fff8c
187,Cuiabano,br BRA,DFMF,Botafogo–RJ,21,2003,30,1534,51,44.9,17.0,15,77,7,15,25,1,1.50,25,20,+5,+0.29,-0.42,Matches,7e49bdbd
188,Jair Cunha,br BRA,DF,Botafogo–RJ,19,2005,11,990,90,28.9,11.0,11,90,11,0,,0,1.64,14,7,+7,+0.64,+0.15,Matches,ac31d35e
189,Kauan Cunha,br BRA,GK,Palmeiras,17,2007,0,,,,,0,,0,0,,3,,,,,,,Matches,d7eb7d07
190,Lucas Cunha,br BRA,DF,Sport Recife,28,1997,6,428,71,12.5,4.8,5,85,3,1,1,4,0.33,3,8,-5,-1.05,+0.21,Matches,0b8748ac
191,Matheus Cunha,br BRA,GK,Flamengo,23,2001,0,,,,,0,,0,0,,36,,,,,,,Matches,9475960a
192,Danielzinho,br BRA,MF,Mirassol,30,1994,37,3265,88,95.5,36.3,37,88,33,0,,0,1.78,62,37,+25,+0.69,+1.27,Matches,320de24c
193,Danilo,br BRA,DF,Flamengo,33,1991,20,1410,71,41.2,15.7,14,84,12,6,40,9,2.00,34,11,+23,+1.47,+0.21,Matches,94b2001f
194,Davi,br BRA,GK,Sport Recife,19,2005,0,,,,,0,,0,0,,3,,,,,,,Matches,fa13c205
195,David,br BRA,MFFW,Vasco da Gama,29,1995,24,750,31,21.9,8.3,5,74,0,19,20,0,1.21,19,11,+8,+0.96,+1.40,Matches,92f9ace5
196,Matheus Davó,br BRA,FW,Mirassol,25,1999,2,35,18,1.0,0.4,0,,0,2,18,1,0.50,1,0,+1,+2.57,+1.96,Matches,e48e1310
197,Nicolás De La Cruz,uy URU,MF,Flamengo,27,1997,19,1018,54,29.8,11.3,12,75,3,7,17,5,2.00,17,8,+9,+0.80,-0.78,Matches,8fda5c72
198,Dedé,br BRA,MF,Sport Recife,18,2006,0,,,,,0,,0,0,,1,,,,,,,Matches,9d00799a
199,Gabriel Delfim,br BRA,GK,Atlético Mineiro,22,2002,2,180,90,5.3,2.0,2,90,2,0,,36,0.50,1,2,-1,-0.50,-0.50,Matches,012beb6e
200,Dell,br BRA,FW,Bahia,16,2008,0,,,,,0,,0,0,,1,,,,,,,Matches,1c5c98ed
201,Deyverson,br BRA,FW,Fortaleza,33,1991,27,1174,43,34.3,13.0,12,72,1,15,21,8,1.04,16,24,-8,-0.61,-0.33,Matches,2e5e846d
202,Leonel Di Plácido,ar ARG,DF,Sport Recife,31,1994,0,,,,,0,,0,0,,2,,,,,,,Matches,a5e7e6dd
203,Enzo Díaz,ar ARG,MFDF,São Paulo,29,1995,27,1877,70,54.9,20.9,20,83,15,7,31,1,1.44,24,25,-1,-0.05,+0.13,Matches,411d2dc0
204,Lautaro Díaz,ar ARG,FW,Santos,26,1998,15,1020,68,29.8,11.3,12,77,3,3,33,0,1.40,18,13,+5,+0.44,+0.82,Matches,28b89ba7
205,Lautaro Díaz,ar ARG,FW,Cruzeiro,26,1998,6,85,14,2.5,0.9,0,,0,6,14,13,1.83,0,1,-1,-1.06,-1.73,Matches,28b89ba7
206,Dieguinho Diego,br BRA,MF,Ceará,29,1995,32,2653,83,77.6,29.5,31,84,14,1,61,1,1.22,29,29,0,0.00,+0.70,Matches,7e5a7340
207,Dieguinho,br BRA,MFFW,Corinthians,17,2007,13,451,35,13.2,5.0,4,79,2,9,15,12,0.77,3,8,-5,-1.00,-1.00,Matches,5c983aa2
208,Diogenes,br BRA,GK,Santos,24,2001,1,23,23,0.7,0.3,0,,0,1,23,20,1.00,1,0,+1,+3.91,+4.07,Matches,858e2e40
209,Dodi,br BRA,MF,Grêmio,28,1996,32,2343,73,68.5,26.0,26,84,17,6,29,2,1.31,30,28,+2,+0.08,+0.49,Matches,2830b8f7
210,Fabricio Domínguez,uy URU,MF,Sport Recife,26,1998,4,100,25,2.9,1.1,1,45,0,3,18,7,0.25,0,3,-3,-2.70,-1.51,Matches,2798cc56
211,Matheus Donelli,br BRA,GK,Corinthians,22,2002,5,450,90,13.2,5.0,5,90,5,0,,8,1.40,6,6,0,0.00,+0.15,Matches,7c736064
212,Thiago dos Santos,br BRA,MFDF,Fluminense,35,1989,10,287,29,8.4,3.2,3,67,0,7,12,23,1.90,4,3,+1,+0.31,+0.03,Matches,5408d2b2
213,Alexis Duarte,py PAR,DF,Santos,24,2000,5,405,81,11.8,4.5,5,81,4,0,,4,0.60,4,10,-6,-1.33,-1.36,Matches,a9f8c8c2
214,David Duarte,br BRA,DF,Bahia,30,1995,25,2207,88,64.5,24.5,24,89,23,1,78,3,1.73,38,31,+7,+0.29,+0.51,Matches,91bf16f7
215,Dudu,br BRA,MFFW,Cruzeiro,33,1992,5,215,43,6.3,2.4,2,79,0,3,19,0,1.40,2,3,-1,-0.42,-1.12,Matches,895ef5ec
216,Dudu,br BRA,MF,Vitória,25,1999,12,319,27,9.3,3.5,2,35,0,10,25,1,1.33,5,7,-2,-0.56,-0.13,Matches,c9ebe876
217,Dudu,br BRA,MF,Atlético Mineiro,33,1992,18,1048,58,30.6,11.6,14,69,2,4,21,3,1.33,20,12,+8,+0.69,+1.03,Matches,895ef5ec
218,Edenilson,br BRA,MF,Vitória,19,2005,0,,,,,0,,0,0,,9,,,,,,,Matches,4edc21a7
219,Edenílson,br BRA,MF,Grêmio,35,1989,31,1802,58,52.7,20.0,25,66,2,6,26,1,1.23,26,25,+1,+0.05,+0.27,Matches,4e50f20e
220,Eder,br BRA,DF,Ceará,29,1995,3,270,90,7.9,3.0,3,90,3,0,,35,0.00,1,4,-3,-1.00,-0.91,Matches,ba1a2c4c
221,Edu,br BRA,DF,Vitória,24,2000,20,1074,54,31.4,11.9,12,76,8,8,20,13,1.65,10,10,0,0.00,+0.65,Matches,01dc4e41
222,Carlos Eduardo,br BRA,MF,Cruzeiro,35,1989,29,906,31,26.5,10.1,9,70,3,20,14,5,1.83,12,8,+4,+0.40,-0.32,Matches,1a234d32
223,Carlos Eduardo,br BRA,FWMF,Mirassol,28,1996,24,734,31,21.5,8.2,5,71,0,19,20,2,1.79,15,6,+9,+1.10,+0.60,Matches,27c23008
224,Carlos Eduardo,br BRA,FWMF,Vitória,28,1996,2,41,21,1.2,0.5,0,,0,2,21,5,0.50,1,1,0,0.00,+0.45,Matches,27c23008
225,Luis Eduardo,br BRA,DF,Grêmio,17,2008,0,,,,,0,,0,0,,3,,,,,,,Matches,ef49e2ed
226,Rodrigo Ely,br BRA,DF,Grêmio,31,1993,2,40,20,1.2,0.4,1,26,0,1,14,1,1.50,0,1,-1,-2.25,-2.20,Matches,fd47b4f2
227,Lucas Emanoel,br BRA,MF,Fortaleza,18,2006,0,,,,,0,,0,0,,1,,,,,,,Matches,60d605c5
228,Emerson,br BRA,DF,Flamengo,26,1999,15,1247,83,36.5,13.9,14,89,12,1,1,5,1.73,26,14,+12,+0.87,-0.75,Matches,df8b52a5
229,Ênio,br BRA,MFFW,Juventude,23,2001,26,1108,43,32.4,12.3,8,73,1,18,29,6,0.96,15,26,-11,-0.89,0.00,Matches,661b892f
230,Enzo,br BRA,DF,Grêmio,22,2002,0,,,,,0,,0,0,,6,,,,,,,Matches,e782f07b
231,Erick,br BRA,MFDF,Bahia,27,1997,16,683,43,20.0,7.6,6,72,3,10,25,3,1.63,9,11,-2,-0.26,-0.46,Matches,8a826636
232,Erick,br BRA,MFFW,Vitória,27,1997,31,2054,66,60.1,22.8,25,72,4,6,43,3,1.16,24,33,-9,-0.39,+0.13,Matches,8edcad0d
233,Gonzalo Escobar,ar ARG,DF,Santos,27,1997,30,2008,67,58.7,22.3,23,84,15,7,12,2,1.06,22,31,-9,-0.40,-0.66,Matches,12207ec1
234,Diego Esser,br BRA,GK,Internacional,19,2005,0,,,,,0,,0,0,,4,,,,,,,Matches,b664789f
235,Lucas Esteves,br BRA,DFMF,Grêmio,24,2000,10,671,67,19.6,7.5,8,81,6,2,13,26,1.20,6,15,-9,-1.21,-1.40,Matches,c6ec0258
236,Guilherme Estrella,br BRA,MF,Vasco da Gama,19,2005,1,19,19,0.6,0.2,0,,0,1,19,9,0.00,0,1,-1,-4.74,-4.63,Matches,df090e8c
237,Euder,br BRA,MF,Vasco da Gama,19,2005,0,,,,,0,,0,0,,3,,,,,,,Matches,edb1ff12
238,Vitor Eudes,br BRA,GK,Fluminense,26,1998,0,,,,,0,,0,0,,26,,,,,,,Matches,b7a95ab2
239,Lucas Evangelista,br BRA,MF,Palmeiras,29,1995,19,1046,55,30.6,11.6,12,75,5,7,20,2,2.05,25,8,+17,+1.46,+0.86,Matches,5f4ce4b6
240,Éverson,br BRA,GK,Atlético Mineiro,34,1990,36,3240,90,94.7,36.0,36,90,36,0,,0,1.31,42,42,0,0.00,+0.50,Matches,a59c090b
241,Evertton,br BRA,MF,Flamengo,21,2003,18,981,55,28.7,10.9,10,83,8,8,19,19,2.44,22,10,+12,+1.10,-0.34,Matches,4961c6f4
242,Ewerthon,br BRA,DF,Juventude,24,2000,18,1155,64,33.8,12.8,12,83,8,6,26,4,0.83,10,25,-15,-1.17,-0.41,Matches,c41aca39
243,Fabinho,br BRA,MF,RB Bragantino,22,2002,28,1275,46,37.3,14.2,11,78,3,17,24,5,1.39,19,22,-3,-0.21,+0.17,Matches,ff0e595c
244,Fábio,br BRA,GK,Fluminense,44,1980,38,3420,90,100.0,38.0,38,90,38,0,,0,1.68,50,39,+11,+0.29,,Matches,15825726
245,Fabrício,br BRA,GK,RB Bragantino,24,2000,0,,,,,0,,0,0,,18,,,,,,,Matches,2b137c0c
246,Fabrício,br BRA,MFFW,Mirassol,27,1997,8,301,38,8.8,3.3,4,58,0,4,18,3,1.50,4,2,+2,+0.60,-0.04,Matches,0211a29e
247,Fabrício,br BRA,MF,Vitória,24,2000,17,393,23,11.5,4.4,1,25,0,16,23,9,1.24,9,7,+2,+0.46,+1.02,Matches,e2290a67
248,Pedro Fachinetti,br BRA,DF,Flamengo,17,2007,0,,,,,0,,0,0,,1,,,,,,,Matches,0ccff366
249,Fagner,br BRA,DF,Cruzeiro,35,1989,10,830,83,24.3,9.2,9,84,6,1,70,8,2.00,16,8,+8,+0.87,+0.31,Matches,a9cc58fe
250,Marcos Felipe,br BRA,GK,Bahia,28,1996,11,972,88,28.4,10.8,10,90,10,1,72,6,2.00,13,9,+4,+0.37,+0.37,Matches,453bdfb9
251,Danilo Fernandes,br BRA,GK,Bahia,36,1988,0,,,0.0,0.0,0,,0,0,,22,3.00,2,1,+1,,,Matches,ed05acdc
252,Lucas Fernandes,br BRA,MF,Juventude,27,1997,7,397,57,11.6,4.4,4,74,0,3,34,4,0.29,2,5,-3,-0.68,+0.24,Matches,a109d777
253,Matheus Fernandes,br BRA,MF,RB Bragantino,26,1998,20,661,33,19.3,7.3,5,68,1,15,21,6,1.20,6,10,-4,-0.54,-0.28,Matches,f76fdcd2
254,Nathan Fernandes,br BRA,MFFW,Botafogo–RJ,19,2005,10,330,33,9.6,3.7,2,64,0,8,25,4,1.80,8,2,+6,+1.64,+1.23,Matches,239bbd8b
255,Bruno Fernandes Xavier,br BRA,MF,Flamengo,17,2007,0,,,,,0,,0,0,,2,,,,,,,Matches,d4196dc6
256,Pol Fernández,ar ARG,MF,Fortaleza,33,1991,7,286,41,8.4,3.2,3,67,1,4,21,3,1.14,6,5,+1,+0.31,+0.77,Matches,24377e64
257,Fernandinho,br BRA,MF,Ceará,27,1997,22,995,45,29.1,11.1,10,66,0,12,28,0,1.09,11,11,0,0.00,+0.22,Matches,877b54d5
258,Fernando,br BRA,FW,Cruzeiro,19,2005,0,,,,,0,,0,0,,1,,,,,,,Matches,650ca5cd
259,Fernando,br BRA,MFDF,Internacional,37,1987,6,412,69,12.0,4.6,6,69,3,0,,0,0.83,6,8,-2,-0.44,-0.11,Matches,41f32541
260,Fernando,br BRA,FW,RB Bragantino,25,1999,14,316,23,9.2,3.5,0,,0,14,23,3,0.64,3,12,-9,-2.56,-2.48,Matches,d9d43555
261,Nahuel Ferraresi,ve VEN,DF,São Paulo,26,1998,24,1797,75,52.5,20.0,19,89,17,5,21,11,1.54,27,26,+1,+0.05,+0.33,Matches,719aab45
262,Ferreira,br BRA,MFFW,São Paulo,27,1997,28,1580,56,46.2,17.6,20,70,4,8,23,3,1.39,19,17,+2,+0.11,+0.41,Matches,1414e902
263,Bruno Ferreira,br BRA,GK,Ceará,30,1994,31,2763,89,80.8,30.7,31,89,30,0,,2,1.13,27,33,-6,-0.20,-0.20,Matches,5093517f
264,Lucas Ferreira,br BRA,MF,São Paulo,18,2006,13,761,59,22.3,8.5,8,84,3,5,18,5,1.15,8,12,-4,-0.47,-0.47,Matches,7025807f
265,Luiz Filipe,br BRA,FW,Mirassol,23,2001,1,14,14,0.4,0.2,0,,0,1,14,5,0.00,0,0,0,0.00,-0.63,Matches,4a615e0b
266,André Filipinho,br BRA,DF,Juventude,28,1997,5,303,61,8.9,3.4,3,90,3,2,17,2,1.40,4,9,-5,-1.49,-0.65,Matches,398048a4
267,Riquelme Fillipi,br BRA,FW,Palmeiras,18,2006,2,28,14,0.8,0.3,0,,0,2,14,6,1.50,1,1,0,0.00,-0.88,Matches,6f913257
268,Fintelman,br BRA,GK,Vitória,23,2001,0,,,,,0,,0,0,,15,,,,,,,Matches,84cf5a2e
269,Caíque França,br BRA,GK,Sport Recife,29,1995,15,1350,90,39.5,15.0,15,90,15,0,,23,0.27,8,29,-21,-1.40,-0.27,Matches,fbb19f57
270,Matheus França,br BRA,MFFW,Vasco da Gama,20,2004,15,386,26,11.3,4.3,2,58,0,13,21,2,1.67,4,8,-4,-0.93,-0.90,Matches,077faf72
271,Ryan Francisco,br BRA,FW,São Paulo,18,2006,8,205,26,6.0,2.3,2,75,1,6,9,5,0.50,3,5,-2,-0.88,-0.82,Matches,8059567a
272,Alan Franco,ec ECU,MF,Atlético Mineiro,26,1998,30,2628,88,76.8,29.2,30,88,27,0,,0,1.20,30,31,-1,-0.03,-0.03,Matches,c76b161b
273,Alan Franco,ar ARG,DF,São Paulo,28,1996,29,2282,79,66.7,25.4,28,81,19,1,1,6,1.21,25,35,-10,-0.39,-0.87,Matches,a548281c
274,Luan Freitas,br BRA,DF,Juventude,24,2001,14,1124,80,32.9,12.5,12,88,10,2,32,0,0.93,14,20,-6,-0.48,+0.62,Matches,b2dfa423
275,Lucas Freitas,br BRA,DF,Vasco da Gama,24,2001,21,1552,74,45.4,17.2,19,79,11,2,26,13,0.95,21,30,-9,-0.52,-0.71,Matches,a92be6c1
276,Marlon Freitas,br BRA,MF,Botafogo–RJ,29,1995,35,2924,84,85.5,32.5,33,87,26,2,19,0,1.60,45,34,+11,+0.34,-1.29,Matches,ae3181de
277,Riquelme Freitas,br BRA,MFFW,Grêmio,18,2006,10,388,39,11.3,4.3,4,71,0,6,18,2,1.30,4,5,-1,-0.23,-0.17,Matches,36e163aa
278,Juan Freytes,ar ARG,DF,Fluminense,25,2000,33,2924,89,85.5,32.5,33,89,31,0,,0,1.58,45,37,+8,+0.25,-0.30,Matches,b9863758
279,Adonis Frías,ar ARG,DF,Santos,26,1998,13,1112,86,32.5,12.4,12,90,12,1,32,3,1.77,20,10,+10,+0.81,+1.39,Matches,1b2f1090
280,Bruno Fuchs,br BRA,DF,Palmeiras,25,1999,27,1723,64,50.4,19.1,18,82,13,9,28,6,2.14,35,15,+20,+1.04,+0.36,Matches,ee89e28d
281,Gabriel Fuentes,co COL,DF,Fluminense,27,1997,11,825,75,24.1,9.2,8,88,7,3,40,11,1.00,10,15,-5,-0.55,-1.10,Matches,bb23a0e7
282,Daniel Fuzato,br BRA,GK,Vasco da Gama,27,1997,3,182,61,5.3,2.0,2,90,2,1,2,35,0.33,2,9,-7,-3.46,-3.52,Matches,82328faf
283,Gabriel,br BRA,DF,Bahia,23,2001,13,948,73,27.7,10.5,10,90,10,3,16,15,1.38,11,13,-2,-0.19,-0.41,Matches,4fd28619
284,Gabriel,br BRA,MFFW,Mirassol,35,1990,25,1592,64,46.5,17.7,21,70,1,4,31,2,1.76,28,16,+12,+0.68,+0.09,Matches,8dc3be2b
285,Gabriel,br BRA,GK,Vitória,32,1992,1,90,90,2.6,1.0,1,90,1,0,,0,0.00,0,2,-2,-2.00,-1.59,Matches,f93ed0df
286,Gabriel,br BRA,MF,RB Bragantino,32,1992,33,2634,80,77.0,29.3,32,81,16,1,45,1,1.18,30,39,-9,-0.31,+0.04,Matches,e9c0d5d8
287,Gabriel,br BRA,GK,Sport Recife,32,1992,23,2070,90,60.5,23.0,23,90,23,0,,0,0.57,20,46,-26,-1.13,+0.27,Matches,f93ed0df
288,Felype Gabriel,br BRA,DF,Sport Recife,19,2005,0,,,,,0,,0,0,,3,,,,,,,Matches,9d731ca1
289,Phillipe Gabriel,br BRA,GK,Vasco da Gama,18,2006,0,,,,,0,,0,0,,1,,,,,,,Matches,de789253
290,Rhuan Gabriel,br BRA,MF,Cruzeiro,18,2006,0,,,,,0,,0,0,,1,,,,,,,Matches,a9452270
291,Roger Gabriel,br BRA,MF,Bahia,17,2007,0,,,,,0,,0,0,,1,,,,,,,Matches,b5cd8162
292,João Gabriel Santos,br BRA,FW,Atlético Mineiro,15,2009,0,,,,,0,,0,0,,2,,,,,,,Matches,283b8443
293,Victor Gabriel,br BRA,DF,Internacional,20,2004,14,1109,79,32.4,12.3,13,83,11,1,29,15,1.21,14,22,-8,-0.65,-0.45,Matches,d1c8df97
294,Antonio Galeano,py PAR,MF,Ceará,24,2000,38,3125,82,91.4,34.7,38,82,10,0,,0,1.13,29,34,-5,-0.14,+0.16,Matches,f7d301ee
295,Emerson Galego,br BRA,FW,Juventude,25,1999,2,27,14,0.8,0.3,0,,0,2,14,2,0.00,0,0,0,0.00,+0.90,Matches,cfd67995
296,Mateo Gamarra,py PAR,DF,Cruzeiro,24,2000,2,154,77,4.5,1.7,1,90,1,1,64,20,1.50,2,4,-2,-1.17,-1.89,Matches,878dbd04
297,Ganso,br BRA,MF,Fluminense,35,1989,17,644,38,18.8,7.2,7,63,0,10,20,2,1.94,13,7,+6,+0.84,+0.68,Matches,23593121
298,Maurício Garcez,br BRA,FWMF,Juventude,27,1997,3,61,20,1.8,0.7,0,,0,3,20,2,1.00,0,1,-1,-1.48,-0.59,Matches,1c060dbf
299,Benjamín Garré,ar ARG,MF,Vasco da Gama,24,2000,10,293,29,8.6,3.3,3,58,0,7,17,17,1.20,3,5,-2,-0.61,-0.53,Matches,351780d8
300,Rodrigo Garro,ar ARG,MFFW,Corinthians,27,1998,19,1410,74,41.2,15.7,15,85,7,4,35,1,1.11,15,18,-3,-0.19,-0.10,Matches,42b3b51f
301,Lucas Gazal,br BRA,DF,Fortaleza,25,1999,7,546,78,16.0,6.1,6,90,6,1,6,10,1.43,9,12,-3,-0.49,-0.12,Matches,dcae46d5
302,Gerson,br BRA,MF,Flamengo,27,1997,9,711,79,20.8,7.9,9,79,2,0,,0,2.44,20,2,+18,+2.28,+1.18,Matches,8827bf46
303,Agustín Giay,ar ARG,DFMF,Palmeiras,21,2004,29,1978,68,57.8,22.0,21,88,19,8,18,7,2.17,38,22,+16,+0.73,-0.33,Matches,8047b72e
304,Gil,br BRA,DF,Santos,37,1987,8,720,90,21.1,8.0,8,90,8,0,,5,1.11,13,13,0,0.00,+0.17,Matches,31edef00
305,Gilberto,br BRA,DF,Bahia,31,1993,23,1777,77,52.0,19.7,21,83,14,2,17,6,1.74,30,19,+11,+0.56,+0.94,Matches,1338e42b
306,Gilberto,br BRA,FW,Juventude,35,1989,23,1099,48,32.1,12.2,15,60,0,8,26,1,0.57,9,24,-15,-1.23,-0.49,Matches,5da22685
307,Giovanny,br BRA,FWMF,Juventude,27,1997,19,653,34,19.1,7.3,5,66,1,14,23,8,0.95,8,16,-8,-1.10,-0.26,Matches,ed236e87
308,Daniel Giraldo,co COL,MF,Juventude,32,1992,15,681,45,19.9,7.6,7,72,2,8,22,10,1.13,12,19,-7,-0.93,-0.04,Matches,ed8489d1
309,Leonardo Godoy,ar ARG,DF,Santos,29,1995,6,416,69,12.2,4.6,5,78,3,1,26,5,1.17,4,4,0,0.00,+0.15,Matches,0f9d8e45
310,Davi Goes,br BRA,MF,Juventude,19,2005,2,64,32,1.9,0.7,1,59,0,1,5,4,1.50,0,4,-4,-5.63,-4.82,Matches,6f2422bf
311,Johnny Góes,br BRA,DF,Flamengo,17,2007,1,90,90,2.6,1.0,1,90,1,0,,1,1.00,3,3,0,0.00,-1.38,Matches,f274d13e
312,Bruno Gomes,br BRA,MFDF,Internacional,23,2001,14,981,70,28.7,10.9,11,83,6,3,22,0,1.14,11,15,-4,-0.37,-0.03,Matches,76f2bbf8
313,Davi Gomes,br BRA,FW,RB Bragantino,19,2005,7,221,32,6.5,2.5,0,,0,7,32,8,0.86,3,4,-1,-0.41,-0.10,Matches,4081e2e8
314,Fredi Gomes,br BRA,DF,Bahia,18,2006,1,90,90,2.6,1.0,1,90,1,0,,17,0.00,0,3,-3,-3.00,-3.19,Matches,3ac829b6
315,Igor Gomes,br BRA,MF,Atlético Mineiro,25,1999,34,1824,54,53.3,20.3,21,71,6,13,26,1,1.32,29,24,+5,+0.25,+0.59,Matches,6a7fb945
316,Andrés Gómez,co COL,MF,Vasco da Gama,22,2002,16,1028,64,30.1,11.4,10,81,2,6,36,2,1.44,21,14,+7,+0.61,+1.06,Matches,76a82373
317,Gustavo Gómez,py PAR,DF,Palmeiras,31,1993,27,2310,86,67.5,25.7,26,88,24,1,10,3,2.07,41,18,+23,+0.90,+0.09,Matches,d5ce52a5
318,Nuno Gonçalo Moreira,pt POR,MFFW,Vasco da Gama,25,1999,36,2549,71,74.5,28.3,35,72,2,1,15,0,1.25,44,38,+6,+0.21,+1.35,Matches,c28df63c
319,Caíque Gonçalves,br BRA,MF,Juventude,29,1995,28,2049,73,59.9,22.8,26,77,11,2,24,0,0.96,15,36,-21,-0.92,-0.07,Matches,e075d03e
320,Matheus Gonçalves,br BRA,MF,Flamengo,19,2005,4,69,17,2.0,0.8,0,,0,4,17,12,2.00,1,0,+1,+1.30,-0.04,Matches,071a6836
321,Gregore,br BRA,MF,Botafogo–RJ,30,1994,12,982,82,28.7,10.9,11,87,9,1,29,0,1.83,15,6,+9,+0.82,+0.42,Matches,49815f34
322,Guga,br BRA,DFMF,Fluminense,26,1998,17,992,58,29.0,11.0,11,83,8,6,14,17,1.59,13,14,-1,-0.09,-0.54,Matches,6975a3e1
323,Guilherme,br BRA,MF,Santos,29,1995,32,2250,70,65.8,25.0,27,78,9,5,29,0,1.31,30,30,0,0.00,+0.38,Matches,58649f05
324,Guilherme,br BRA,MF,Flamengo,18,2006,1,62,62,1.8,0.7,1,62,0,0,,3,1.00,3,2,+1,+1.45,+0.11,Matches,281919b9
325,Guilherme,br BRA,MFFW,Mirassol,33,1991,12,539,45,15.8,6.0,6,68,0,6,22,1,1.58,13,5,+8,+1.34,+0.84,Matches,9e61c019
326,Ryan Guilherme,br BRA,MF,Cruzeiro,22,2002,3,56,19,1.6,0.6,0,,0,3,19,8,0.67,1,0,+1,+1.61,+0.99,Matches,2ebfb12f
327,Ryan Guilherme,br BRA,MF,Fortaleza,22,2002,0,,,,,0,,0,0,,1,,,,,,,Matches,2ebfb12f
328,Zé Guilherme,br BRA,DF,Bahia,19,2005,3,86,29,2.5,1.0,0,,0,3,29,17,1.00,1,3,-2,-2.09,-2.25,Matches,9fd07241
329,Gastón Guruceaga,uy URU,GK,Juventude,29,1995,0,,,,,0,,0,0,,12,,,,,,,Matches,d0a21ac1
330,Gustavinho,br BRA,MF,RB Bragantino,20,2004,17,741,44,21.7,8.2,8,71,0,9,19,20,1.29,11,8,+3,+0.36,+0.87,Matches,9525ddcd
331,Gustavo,br BRA,GK,Juventude,31,1993,10,855,86,25.0,9.5,10,86,9,0,,2,0.80,8,22,-14,-1.47,-0.77,Matches,f764f16e
332,Luiz Gustavo,br BRA,DF,Vasco da Gama,18,2006,5,288,58,8.4,3.2,3,79,1,2,25,9,0.80,5,4,+1,+0.31,+0.48,Matches,8b7b78ac
333,Luiz Gustavo,br BRA,DF,Bahia,18,2006,0,,,,,0,,0,0,,14,,,,,,,Matches,8b7b78ac
334,Luiz Gustavo,br BRA,MFDF,São Paulo,37,1987,12,780,65,22.8,8.7,9,81,5,3,18,3,1.42,9,12,-3,-0.35,-0.31,Matches,82671804
335,Ryan Gustavo,br BRA,MF,Corinthians,21,2003,16,527,33,15.4,5.9,5,78,3,11,13,14,1.69,7,5,+2,+0.34,+0.56,Matches,93573ea1
336,Yeison Guzmán,co COL,MF,Fortaleza,26,1998,5,188,38,5.5,2.1,1,70,0,4,30,2,1.40,3,2,+1,+0.48,+0.92,Matches,31e0d112
337,Lucas Halter,br BRA,DF,Vitória,24,2000,33,2904,88,84.9,32.3,33,88,31,0,,0,1.12,30,45,-15,-0.46,-0.12,Matches,7aa882a2
338,Héctor,es ESP,FWMF,Corinthians,29,1995,9,246,27,7.2,2.7,3,57,0,6,13,6,1.11,3,2,+1,+0.37,+0.54,Matches,6294bc9d
339,Henrique,br BRA,MF,São Paulo,18,2006,3,43,14,1.3,0.5,0,,0,3,14,5,0.33,2,0,+2,+4.19,+4.35,Matches,333b79ce
340,Bruno Henrique,br BRA,MF,Internacional,35,1989,29,1397,48,40.8,15.5,19,63,1,10,19,5,1.28,18,20,-2,-0.13,+0.36,Matches,5a43b021
341,Bruno Henrique,br BRA,FWMF,Flamengo,34,1990,32,1811,57,53.0,20.1,20,75,3,12,26,2,2.03,34,15,+19,+0.94,-0.85,Matches,5edff24f
342,Dalbert Henrique,br BRA,DFMF,Sport Recife,31,1993,5,110,22,3.2,1.2,0,,0,5,22,0,0.20,0,2,-2,-1.64,-0.41,Matches,f45f9427
343,Gustavo Henrique,br BRA,DF,Corinthians,31,1993,23,2070,90,60.5,23.0,23,90,23,0,,3,1.09,26,34,-8,-0.35,-0.55,Matches,fa066690
344,Gustavo Henrique,br BRA,MF,Santos,19,2005,0,,,,,0,,0,0,,1,,,,,,,Matches,0d51aa96
345,Luiz Henrique,br BRA,MF,Sport Recife,19,2005,0,,,,,0,,0,0,,3,,,,,,,Matches,0815d293
346,Matheus Henrique,br BRA,MF,Cruzeiro,27,1997,17,723,43,21.1,8.0,8,75,5,9,14,0,1.41,7,11,-4,-0.50,-1.43,Matches,a2d9f138
347,Paulo Henrique,br BRA,DF,Vasco da Gama,28,1996,28,2490,89,72.8,27.7,28,89,23,0,,1,1.39,45,33,+12,+0.43,+2.08,Matches,25a0cb08
348,Pedro Henrique,br BRA,MFFW,Ceará,34,1990,28,1380,49,40.4,15.3,17,65,1,11,25,0,1.14,14,17,-3,-0.20,-0.06,Matches,460976a2
349,Pedro Henrique,br BRA,DF,RB Bragantino,29,1995,31,2654,86,77.6,29.5,31,86,27,0,,1,1.26,32,43,-11,-0.37,-0.26,Matches,4322e5d7
350,Yan Henrique,br BRA,DF,Internacional,19,2005,0,,,,,0,,0,0,,1,,,,,,,Matches,60443727
351,Zé Henrique,br BRA,GK,Juventude,20,2004,0,,,,,0,,0,0,,1,,,,,,,Matches,6ad1d69d
352,Hércules,br BRA,MF,Fluminense,24,2000,34,2160,64,63.2,24.0,26,75,9,8,26,0,1.71,29,28,+1,+0.04,-0.67,Matches,eadc7b45
353,Diogo Hereda,br BRA,DFMF,Sport Recife,26,1998,11,848,77,24.8,9.4,10,80,7,1,45,2,0.27,4,13,-9,-0.96,+0.37,Matches,4985c10d
354,Marcelo Hermes,br BRA,DFMF,Juventude,29,1995,22,1858,84,54.3,20.6,20,90,18,2,32,4,1.09,22,34,-12,-0.58,+0.69,Matches,89346085
355,José Herrera,ar ARG,MF,Fortaleza,21,2003,19,1046,55,30.6,11.6,14,64,0,5,30,2,1.58,14,17,-3,-0.26,+0.20,Matches,1dcddc4d
356,Hudson,br BRA,MF,Juventude,24,2001,4,233,58,6.8,2.6,3,69,0,1,26,3,0.75,3,6,-3,-1.16,-0.28,Matches,7cada45b
357,Hugo,br BRA,MFDF,Corinthians,27,1997,10,457,46,13.4,5.1,6,65,1,4,18,13,1.20,3,8,-5,-0.98,-0.98,Matches,bd2593f3
358,Hugo,br BRA,DF,Vitória,23,2001,0,,,,,0,,0,0,,4,,,,,,,Matches,de3dc682
359,Victor Hugo,br BRA,MF,Santos,20,2004,9,443,49,13.0,4.9,6,62,1,3,24,4,1.44,3,7,-4,-0.81,-0.78,Matches,33fca7f7
360,Victor Hugo,br BRA,MF,Flamengo,20,2004,1,6,6,0.2,0.1,0,,0,1,6,1,1.00,0,0,0,0.00,-1.34,Matches,33fca7f7
361,Victor Hugo,br BRA,DF,Sport Recife,16,2008,1,61,61,1.8,0.7,1,61,0,0,,4,1.00,0,1,-1,-1.48,-0.24,Matches,4e3e53d2
362,Vitor Hugo,br BRA,DF,Atlético Mineiro,33,1991,23,1639,71,47.9,18.2,20,79,15,3,19,12,1.35,21,23,-2,-0.11,-0.16,Matches,f2c1300a
363,Huguinho,br BRA,MF,Botafogo–RJ,17,2007,1,24,24,0.7,0.3,0,,0,1,24,6,3.00,1,0,+1,+3.75,+3.25,Matches,9368b299
364,Hulk,br BRA,FWMF,Atlético Mineiro,38,1986,33,2438,74,71.3,27.1,27,83,16,6,31,0,1.26,34,34,0,0.00,+0.09,Matches,33a1f72e
365,José Hurtado,ec ECU,DF,RB Bragantino,23,2001,28,1864,67,54.5,20.7,21,82,12,7,20,3,1.21,23,26,-3,-0.14,+0.38,Matches,cb067e96
366,Hyan,br BRA,MF,Santos,20,2004,2,18,9,0.5,0.2,0,,0,2,9,15,0.00,1,1,0,0.00,+0.13,Matches,37f34760
367,Hyoran,br BRA,MFFW,Sport Recife,31,1993,12,402,34,11.8,4.5,4,57,0,8,22,16,0.67,5,10,-5,-1.12,+0.13,Matches,ffb88c28
368,Iago,br BRA,DF,Flamengo,19,2005,1,90,90,2.6,1.0,1,90,1,0,,3,1.00,3,3,0,0.00,-1.38,Matches,f76a981b
369,Iago,br BRA,DFMF,Bahia,27,1997,15,626,42,18.3,7.0,7,70,3,8,17,20,1.13,8,7,+1,+0.14,+0.05,Matches,054849d2
370,Ignácio,br BRA,DF,Fluminense,28,1996,19,1147,60,33.5,12.7,13,85,10,6,7,12,1.79,16,11,+5,+0.39,+0.15,Matches,2e005e3b
371,Juan Ignacio Dinenno,ar ARG,FW,Cruzeiro,30,1994,1,12,12,0.4,0.1,0,,0,1,12,5,0.00,0,0,0,0.00,-0.63,Matches,fc2c5692
372,Juan Ignacio Dinenno,ar ARG,FW,São Paulo,30,1994,7,262,37,7.7,2.9,3,53,0,4,26,9,0.71,2,3,-1,-0.34,-0.26,Matches,fc2c5692
373,Juan Ignacio Ramírez,uy URU,FW,Sport Recife,27,1997,8,291,36,8.5,3.2,3,64,1,5,20,16,0.50,1,3,-2,-0.62,+0.68,Matches,ad513a6b
374,Igor,br BRA,DF,São Paulo,17,2007,0,,,,,0,,0,0,,3,,,,,,,Matches,14a73fbf
375,Índio,br BRA,MF,Atlético Mineiro,16,2008,0,,,,,0,,0,0,,1,,,,,,,Matches,fe4c3b03
376,Isaac,br BRA,FW,Atlético Mineiro,20,2004,1,6,6,0.2,0.1,0,,0,1,6,7,0.00,1,1,0,0.00,+0.03,Matches,f689c342
377,Isac,br BRA,DF,São Paulo,18,2006,0,,,,,0,,0,0,,1,,,,,,,Matches,ca27ce58
378,Isaque,br BRA,MF,Fluminense,17,2007,1,22,22,0.6,0.2,0,,0,1,22,3,1.00,0,0,0,0.00,-0.29,Matches,7d20cf39
379,Mateus Iseppe,br BRA,MF,Atlético Mineiro,18,2006,1,3,3,0.1,0.0,0,,0,1,3,5,0.00,0,0,0,0.00,+0.03,Matches,80d18f26
380,Ismael,pt POR,MF,Vitória,25,1999,1,18,18,0.5,0.2,0,,0,1,18,0,1.00,0,1,-1,-5.00,-4.58,Matches,0ea6e37d
381,Zé Ivaldo,br BRA,DF,Santos,27,1997,21,1799,86,52.6,20.0,20,88,18,1,45,5,1.10,21,23,-2,-0.10,+0.07,Matches,5b6e7010
382,Ivan,br BRA,GK,Internacional,27,1997,7,585,84,17.1,6.5,7,84,6,0,,14,1.14,4,5,-1,-0.15,+0.23,Matches,43895807
383,Jacaré,,,Corinthians,,,0,,,,,0,,0,0,,3,,,,,,,Matches,16acd7a9
384,Leo Jacó,br BRA,FW,Vasco da Gama,19,2005,2,16,8,0.5,0.2,0,,0,2,8,0,1.50,0,0,0,0.00,+0.13,Matches,1d5d1d4a
385,Bernardo Jacob,br BRA,MF,Internacional,18,2006,0,,,,,0,,0,0,,3,,,,,,,Matches,3bca05e9
386,Jadson,br BRA,MF,Juventude,31,1993,35,2831,81,82.8,31.5,32,85,26,3,33,0,0.97,29,57,-28,-0.89,+0.03,Matches,05748af4
387,Jair,br BRA,MF,Vasco da Gama,30,1994,11,559,51,16.3,6.2,7,64,0,4,28,6,1.18,12,10,+2,+0.32,+0.54,Matches,f3466edc
388,Jamerson,br BRA,DF,Vitória,26,1998,12,1026,86,30.0,11.4,12,86,10,0,,0,0.92,10,14,-4,-0.35,+0.14,Matches,7910d817
389,Léo Jance,br BRA,DF,Fluminense,19,2005,0,,,,,0,,0,0,,2,,,,,,,Matches,f19ac307
390,Janderson,br BRA,FWMF,Vitória,25,1999,11,729,66,21.3,8.1,9,78,4,2,13,0,0.91,5,10,-5,-0.62,-0.22,Matches,8b89c34e
391,Jandrei,br BRA,GK,São Paulo,31,1993,0,,,,,0,,0,0,,18,,,,,,,Matches,85ea4399
392,Jandrei,br BRA,GK,Juventude,31,1993,19,1710,90,50.0,19.0,19,90,19,0,,0,0.95,20,31,-11,-0.58,+0.63,Matches,85ea4399
393,Jardiel,br BRA,FW,Grêmio,19,2005,5,41,8,1.2,0.5,0,,0,5,8,10,0.40,1,0,+1,+2.20,+2.30,Matches,b9047077
394,Léo Jardim,br BRA,GK,Vasco da Gama,29,1995,36,3235,90,94.6,35.9,36,90,35,0,,0,1.25,53,51,+2,+0.06,+3.46,Matches,f5dfc256
395,Jeffinho,br BRA,MF,Botafogo–RJ,25,1999,17,685,40,20.0,7.6,9,56,0,8,23,11,1.39,16,13,+3,+0.39,-0.17,Matches,45cce300
396,Jefinho,br BRA,MF,Sport Recife,18,2006,1,23,23,0.7,0.3,0,,0,1,23,1,0.00,0,0,0,0.00,+1.25,Matches,0215603b
397,Jefté,br BRA,MFDF,Palmeiras,21,2003,12,765,64,22.4,8.5,7,89,6,5,29,8,1.92,15,7,+8,+0.94,+0.09,Matches,94217eae
398,Jemerson,br BRA,DF,Grêmio,32,1992,9,770,86,22.5,8.6,8,88,7,1,64,20,1.00,8,13,-5,-0.58,-0.65,Matches,7cab69b5
399,Jemmes,br BRA,DF,Mirassol,24,2000,37,3273,88,95.7,36.4,37,88,35,0,,0,1.81,62,36,+26,+0.71,+1.94,Matches,341cadaf
400,Igor Jesus,br BRA,FWMF,Botafogo–RJ,23,2001,10,875,88,25.6,9.7,10,88,8,0,,0,1.50,13,7,+6,+0.62,+0.12,Matches,dbe24cce
401,Maykon Jesus,br BRA,DFMF,Vitória,19,2005,9,766,85,22.4,8.5,8,90,8,1,46,21,1.22,10,10,0,0.00,+0.58,Matches,37ef00eb
402,Jhon Jhon,br BRA,MF,RB Bragantino,22,2002,34,2844,84,83.2,31.6,34,84,20,0,,0,1.38,38,48,-10,-0.32,0.00,Matches,f82517a8
403,John,br BRA,GK,Botafogo–RJ,28,1996,17,1530,90,44.7,17.0,17,90,17,0,,1,1.53,18,11,+7,+0.41,-0.21,Matches,33a235af
404,Felipe Jonatan,br BRA,DF,Mirassol,26,1998,7,440,63,12.9,4.9,4,88,3,3,30,14,2.00,8,6,+2,+0.41,-0.26,Matches,0102ca7f
405,Jonathan,br BRA,DF,Cruzeiro,20,2004,13,798,61,23.3,8.9,10,76,6,3,12,21,1.46,8,11,-3,-0.34,-1.27,Matches,a25c009d
406,Jorge,br BRA,GK,Grêmio,23,2001,0,,,,,0,,0,0,,11,,,,,,,Matches,1ab6778b
407,Kaio Jorge,br BRA,FW,Cruzeiro,23,2002,33,2588,78,75.7,28.8,33,78,8,0,,1,1.97,47,21,+26,+0.90,+1.12,Matches,0cf465f2
408,Jorginho,it ITA,MF,Flamengo,33,1991,18,1357,75,39.7,15.1,15,85,9,3,26,0,2.00,30,7,+23,+1.53,+0.30,Matches,45db685d
409,José,br BRA,MF,Cruzeiro,19,2005,1,1,1,0.0,0.0,0,,0,1,1,1,3.00,0,0,0,0.00,-0.63,Matches,59b55d8c
410,Willian José,br BRA,FW,Bahia,33,1991,33,2115,64,61.8,23.5,28,72,6,5,19,2,1.67,32,23,+9,+0.38,+0.73,Matches,d87e2cae
411,Joshua,br BRA,MF,Flamengo,17,2007,1,28,28,0.8,0.3,0,,0,1,28,3,1.00,0,1,-1,-3.21,-4.59,Matches,04347cef
412,Jota,br BRA,MF,Bahia,20,2004,0,,,,,0,,0,0,,6,,,,,,,Matches,a02530a1
413,Luciano Juba,br BRA,DF,Bahia,25,1999,35,2877,82,84.1,32.0,33,85,28,2,39,0,1.54,41,39,+2,+0.06,-0.27,Matches,c2abc321
414,Juninho,br BRA,FW,Flamengo,28,1996,15,378,25,11.1,4.2,2,78,0,13,17,12,1.80,8,2,+6,+1.43,+0.10,Matches,d51bd6c5
415,Juninho,br BRA,DF,Internacional,29,1995,20,1505,75,44.0,16.7,18,83,15,2,2,12,1.15,18,25,-7,-0.42,-0.14,Matches,72c01cfb
416,Gilberto Júnior,br BRA,DF,Palmeiras,19,2005,0,,,,,0,,0,0,,3,,,,,,,Matches,9aea767e
417,Kauê Junior,br BRA,FW,Bahia,15,2009,1,4,4,0.1,0.0,0,,0,1,4,1,3.00,0,0,0,0.00,-0.11,Matches,1c8f7804
418,Kauê Junior,br BRA,FW,Corinthians,15,2009,0,,,,,0,,0,0,,2,,,,,,,Matches,1c8f7804
419,Robinho Junior,br BRA,MFFW,Santos,17,2007,15,352,23,10.3,3.9,2,55,0,13,19,11,1.33,8,2,+6,+1.53,+1.86,Matches,5042b172
420,Wanderson Junior,br BRA,DF,Flamengo,17,2007,1,22,22,0.6,0.2,0,,0,1,22,0,1.00,0,0,0,0.00,-1.35,Matches,1d8e0299
421,Gabriel Justino,br BRA,MF,Botafogo–RJ,18,2006,0,,,,,0,,0,0,,2,,,,,,,Matches,bd01d413
422,Lucas Kal,br BRA,MFDF,Sport Recife,28,1996,13,861,66,25.2,9.6,11,78,5,2,1,7,0.31,7,29,-22,-2.30,-1.42,Matches,33ed689d
423,Walter Kannemann,ar ARG,DF,Grêmio,33,1991,20,1723,86,50.4,19.1,19,87,18,1,61,11,1.48,26,24,+2,+0.10,+0.37,Matches,5b37f2f8
424,Kanu,br BRA,DF,Bahia,27,1997,7,513,73,15.0,5.7,7,73,5,0,,8,1.29,5,4,+1,+0.18,+0.08,Matches,fefa9b9a
425,Kauã,br BRA,DF,Bahia,21,2004,0,,,,,0,,0,0,,2,,,,,,,Matches,90654a7f
426,Pedro Kauã,br BRA,DF,Internacional,18,2006,0,,,,,0,,0,0,,5,,,,,,,Matches,8ce31838
427,Kauan,br BRA,GK,Internacional,21,2003,0,,,,,0,,0,0,,2,,,,,,,Matches,394b99c4
428,Kauan,br BRA,DF,Vitória,17,2007,0,,,,,0,,0,0,,5,,,,,,,Matches,dba9eb68
429,Kauê,br BRA,GK,Corinthians,20,2004,1,90,90,2.6,1.0,1,90,1,0,,7,1.00,1,1,0,0.00,+0.14,Matches,456ce27f
430,Kauê,br BRA,MF,Botafogo–RJ,20,2004,0,,,,,0,,0,0,,5,,,,,,,Matches,74601f59
431,Kayke,br BRA,MFFW,Corinthians,20,2004,8,358,45,10.5,4.0,4,71,1,4,19,16,1.13,4,5,-1,-0.25,-0.13,Matches,ce705c56
432,Kayke,br BRA,FW,Botafogo–RJ,18,2006,0,,,,,0,,0,0,,2,,,,,,,Matches,ac0a127f
433,Kayke,br BRA,FW,Fortaleza,18,2006,2,31,16,0.9,0.3,0,,0,2,16,1,1.50,0,0,0,0.00,+0.40,Matches,ac0a127f
434,Renato Kayser,br BRA,FW,Vitória,28,1996,30,2083,69,60.9,23.1,25,77,6,5,31,0,1.20,22,32,-10,-0.43,+0.04,Matches,c7495dda
435,Keiller,br BRA,GK,Ceará,28,1996,0,,,,,0,,0,0,,6,,,,,,,Matches,e38fde76
436,Kelvi,br BRA,MF,Juventude,22,2002,0,,,,,0,,0,0,,1,,,,,,,Matches,33143d85
437,Kenji,br BRA,FW,Cruzeiro,19,2006,3,39,13,1.1,0.4,0,,0,3,13,15,2.00,0,0,0,0.00,-0.64,Matches,492ade3c
438,John Kennedy,br BRA,FW,Fluminense,22,2002,17,626,37,18.3,7.0,6,67,0,11,20,9,1.53,12,7,+5,+0.72,+0.53,Matches,132880e0
439,Keno,br BRA,MF,Fluminense,35,1989,18,509,28,14.9,5.7,4,52,0,14,21,14,1.61,8,7,+1,+0.18,-0.13,Matches,98558c11
440,Kevyson,br BRA,MF,Santos,20,2004,1,16,16,0.5,0.2,0,,0,1,16,7,0.00,0,1,-1,-5.63,-5.52,Matches,1115f8aa
441,Kevyson,br BRA,DF,Sport Recife,20,2004,9,268,30,7.8,3.0,1,59,0,8,26,6,0.33,2,9,-7,-2.35,-1.21,Matches,1115f8aa
442,Khellven,br BRA,DFMF,Palmeiras,23,2001,13,975,75,28.5,10.8,12,81,4,1,1,2,1.85,18,7,+11,+1.02,+0.21,Matches,cf18ab1b
443,Gabriel Knesowitsch,br BRA,DF,Mirassol,21,2003,4,360,90,10.5,4.0,4,90,4,0,,29,2.00,6,2,+4,+1.00,+0.41,Matches,11cc9108
444,Benjamín Kuscevic,cl CHI,DF,Fortaleza,28,1996,20,1707,85,49.9,19.0,19,89,17,1,8,8,1.05,18,29,-11,-0.58,-0.37,Matches,9edddc34
445,Derik Lacerda,br BRA,FW,Sport Recife,25,1999,17,1446,85,42.3,16.1,17,85,12,0,,0,0.76,14,22,-8,-0.50,+1.28,Matches,d028bfe9
446,Gabriel Lacerda,br BRA,DF,Ceará,25,1999,0,,,,,0,,0,0,,8,,,,,,,Matches,0664b5a6
447,Gustavo Lacerda,br BRA,GK,Mirassol,19,2005,0,,,,,0,,0,0,,1,,,,,,,Matches,24d93bd6
448,Vitor Lamounier,br BRA,GK,Cruzeiro,17,2007,0,,,,,0,,0,0,,1,,,,,,,Matches,47a5dad0
449,Ignacio Laquintana,uy URU,MF,RB Bragantino,25,1999,23,1017,44,29.7,11.3,13,61,1,10,23,11,1.00,15,22,-7,-0.62,-0.43,Matches,2517fe3c
450,Larson,br BRA,MF,Palmeiras,19,2005,2,73,37,2.1,0.8,1,67,0,1,6,7,1.50,3,2,+1,+1.23,+0.37,Matches,93175c23
451,Joaquín Lavega,uy URU,FW,Fluminense,19,2005,2,67,34,2.0,0.7,0,,0,2,34,13,1.50,1,0,+1,+1.34,+1.07,Matches,c67a5e1d
452,Leandrinho,br BRA,DF,Vasco da Gama,19,2005,2,57,29,1.7,0.6,0,,0,2,29,7,0.00,0,3,-3,-4.74,-4.68,Matches,c27450ec
453,Helton Leite,br BRA,GK,Fortaleza,34,1990,4,360,90,10.5,4.0,4,90,4,0,,14,0.00,3,9,-6,-1.50,-1.24,Matches,e8918589
454,Lelê,br BRA,FW,Ceará,27,1997,7,110,16,3.2,1.2,0,,0,7,16,2,1.14,2,1,+1,+0.82,+1.01,Matches,467aed9b
455,Yuri Leles,br BRA,MF,RB Bragantino,17,2007,0,,,,,0,,0,0,,2,,,,,,,Matches,147757d3
456,Mauricio Lemos,uy URU,DF,Vasco da Gama,29,1995,4,243,61,7.1,2.7,3,81,2,1,1,6,1.75,3,4,-1,-0.37,-0.26,Matches,dbe5a587
457,Leonan,br BRA,DF,Mirassol,24,2000,0,,,,,0,,0,0,,2,,,,,,,Matches,d4dd25d5
458,Rubén Lezcano,py PAR,MF,Fluminense,20,2004,4,57,14,1.7,0.6,0,,0,4,14,17,2.25,2,0,+2,+3.16,+2.92,Matches,d5351e90
459,Lima,br BRA,MF,Fluminense,28,1996,28,1094,39,32.0,12.2,12,66,1,16,19,6,1.75,11,12,-1,-0.08,-0.55,Matches,d215c7de
460,Lucas Lima,br BRA,MF,Sport Recife,34,1990,33,2550,77,74.6,28.3,30,82,14,3,34,0,0.36,22,52,-30,-1.06,+0.70,Matches,49d03337
461,Lucas Lima,br BRA,MF,Ceará,24,2000,11,127,12,3.7,1.4,1,58,0,10,7,17,1.18,1,4,-3,-2.13,-2.04,Matches,c4c45622
462,Leonardo Linck,br BRA,GK,Botafogo–RJ,23,2001,17,1486,87,43.5,16.5,16,90,16,1,46,13,1.59,27,20,+7,+0.42,-0.18,Matches,bc30a70d
463,Kauan Lindes,br BRA,MF,Botafogo–RJ,21,2003,1,31,31,0.9,0.3,0,,0,1,31,11,3.00,1,0,+1,+2.90,+2.40,Matches,a80fe10c
464,Samuel Lino,br BRA,MF,Flamengo,25,1999,21,1394,66,40.8,15.5,19,71,4,2,26,0,2.00,29,12,+17,+1.10,-0.41,Matches,2a295d33
465,Vinicius Lira,br BRA,DF,Santos,17,2007,0,,,,,0,,0,0,,4,,,,,,,Matches,c7771fd8
466,Lenny Lobato,br BRA,MFFW,Sport Recife,23,2001,7,244,35,7.1,2.7,2,76,1,5,19,0,0.29,0,4,-4,-1.48,-0.26,Matches,5c514884
467,Lucas Lohan,br BRA,MF,Vitória,18,2006,0,,,,,0,,0,0,,2,,,,,,,Matches,6b772a62
468,David Loiola,br BRA,DF,Botafogo–RJ,22,2002,22,1830,83,53.5,20.3,20,88,17,2,36,12,1.73,34,19,+15,+0.74,+0.45,Matches,eddf365e
469,João Loiola,br BRA,DF,Fluminense,19,2005,0,,,,,0,,0,0,,1,,,,,,,Matches,8c76d939
470,Marcelo Lomba,br BRA,GK,Palmeiras,38,1986,3,270,90,7.9,3.0,3,90,3,0,,33,1.33,7,6,+1,+0.33,-0.58,Matches,e4835e3c
471,Felipe Longo,br BRA,GK,Corinthians,19,2005,6,540,90,15.8,6.0,6,90,6,0,,25,1.00,6,10,-4,-0.67,-0.64,Matches,e671b482
472,Cristhian Loor,ec ECU,GK,Botafogo–RJ,18,2006,0,,,,,0,,0,0,,6,,,,,,,Matches,a2ce97ae
473,Guilherme Lopes,br BRA,DF,RB Bragantino,22,2002,11,640,58,18.7,7.1,7,83,4,4,15,21,1.45,8,14,-6,-0.84,-0.65,Matches,54974698
474,Flaco López,ar ARG,FWMF,Palmeiras,24,2000,33,1999,61,58.5,22.2,22,79,13,11,23,2,1.94,38,23,+15,+0.68,-0.46,Matches,e1426a52
475,Renzo López,uy URU,FW,Vitória,30,1994,23,651,28,19.0,7.2,5,65,0,18,18,0,1.35,6,9,-3,-0.41,+0.04,Matches,675cf0be
476,Lorran,br BRA,FW,Flamengo,18,2006,0,,,,,0,,0,0,,2,,,,,,,Matches,f87b8eed
477,Lourenço,br BRA,MF,Ceará,27,1997,33,1386,42,40.5,15.4,15,70,1,18,19,3,1.18,16,16,0,0.00,+0.27,Matches,c9f9210f
478,Lucão,br BRA,GK,RB Bragantino,23,2001,4,360,90,10.5,4.0,4,90,4,0,,20,1.50,5,9,-4,-1.00,-0.76,Matches,ebb5a0df
479,Ayrton Lucas,br BRA,DF,Flamengo,27,1997,18,1231,68,36.0,13.7,13,85,10,5,26,13,1.83,28,10,+18,+1.32,-0.04,Matches,db90b737
480,Jean Lucas,br BRA,MF,Bahia,26,1998,34,2674,79,78.2,29.7,33,80,22,1,25,1,1.50,39,37,+2,+0.07,-0.17,Matches,a99138af
481,João Lucas,br BRA,DF,Grêmio,26,1998,10,506,51,14.8,5.6,5,75,3,5,26,10,1.30,6,11,-5,-0.89,-0.95,Matches,289dc81e
482,Zé Lucas,br BRA,MF,Sport Recife,16,2008,24,1596,67,46.7,17.7,21,73,3,3,18,0,0.67,9,24,-15,-0.85,+0.73,Matches,310649fd
483,Lucca,br BRA,FW,Ceará,21,2003,1,12,12,0.4,0.1,0,,0,1,12,7,0.00,0,0,0,0.00,+0.16,Matches,c3604b27
484,Lucca,br BRA,FW,Internacional,21,2003,4,161,40,4.7,1.8,1,58,0,3,34,3,0.50,1,4,-3,-1.68,-1.40,Matches,c3604b27
485,Luciano,br BRA,FWMF,São Paulo,31,1993,32,2105,66,61.5,23.4,24,80,9,8,23,1,1.28,28,25,+3,+0.13,+0.61,Matches,24ce161c
486,Lucio,br BRA,MF,Flamengo,17,2007,1,68,68,2.0,0.8,1,68,0,0,,1,1.00,3,3,0,0.00,-1.37,Matches,a5aa1b17
487,Luighi,br BRA,MFFW,Palmeiras,18,2006,11,339,31,9.9,3.8,2,60,0,9,24,14,2.00,4,6,-2,-0.53,-1.55,Matches,f6202ded
488,José Luis Rodríguez,uy URU,DF,Vasco da Gama,27,1997,25,1446,58,42.3,16.1,15,87,14,10,14,11,1.20,19,35,-16,-1.00,-1.50,Matches,6f1a7f76
489,Victor Luis,br BRA,MFDF,Vasco da Gama,31,1993,7,273,39,8.0,3.0,2,90,2,5,19,30,0.71,1,9,-8,-2.64,-2.72,Matches,cc68c4d3
490,Luisão,br BRA,DF,Santos,21,2003,6,438,73,12.8,4.9,5,84,3,1,20,15,1.00,2,11,-9,-1.85,-1.97,Matches,fddae996
491,David Luiz,br BRA,DF,Fortaleza,37,1987,7,399,57,11.7,4.4,4,84,3,3,21,3,0.86,3,8,-5,-1.13,-0.83,Matches,c0e27d1a
492,Guilherme Luiz,br BRA,FW,Ceará,19,2005,7,148,21,4.3,1.6,0,,0,7,21,11,1.43,1,2,-1,-0.61,-0.47,Matches,2260e4ac
493,Lyanco,br BRA,DF,Atlético Mineiro,27,1997,17,1410,83,41.2,15.7,17,83,13,0,,0,1.41,15,14,+1,+0.06,+0.15,Matches,b5bf1770
494,Everton Maceió,br BRA,MF,Mirassol,21,2003,6,147,25,4.3,1.6,1,58,0,5,18,9,0.67,3,4,-1,-0.61,-1.30,Matches,5823de33
495,Willian Machado,br BRA,DF,Ceará,28,1996,36,3219,89,94.1,35.8,36,89,35,0,,0,1.19,34,38,-4,-0.11,+0.78,Matches,afb23fa3
496,Talles Magno,br BRA,MFFW,Corinthians,22,2002,24,961,40,28.1,10.7,10,70,1,14,18,12,0.88,8,8,0,0.00,+0.18,Matches,64c98878
497,Magrão,br BRA,GK,Fortaleza,24,2000,3,270,90,7.9,3.0,3,90,3,0,,3,1.33,5,4,+1,+0.33,+0.79,Matches,4bc2a77c
498,Gustavo Maia,br BRA,FW,Sport Recife,24,2001,1,17,17,0.5,0.2,0,,0,1,17,7,0.00,0,0,0,0.00,+1.24,Matches,b36fed1d
499,Pablo Maia,br BRA,MF,São Paulo,23,2002,25,1471,59,43.0,16.3,17,78,8,8,19,4,1.52,18,27,-9,-0.55,-0.78,Matches,3a243771
500,Thiago Maia,br BRA,MF,Internacional,27,1997,31,1980,64,57.9,22.0,25,72,6,6,29,3,1.16,29,28,+1,+0.05,+0.92,Matches,91e58f66
501,Maik,br BRA,MFDF,São Paulo,20,2005,9,607,67,17.7,6.7,8,74,4,1,14,8,1.56,12,9,+3,+0.44,+0.67,Matches,f11cb3b7
502,Mailton,br BRA,MF,São Paulo,26,1998,8,388,49,11.3,4.3,3,87,2,5,25,8,1.13,2,4,-2,-0.46,-0.40,Matches,d147e379
503,Léo Mana,br BRA,DF,Corinthians,20,2004,4,225,56,6.6,2.5,3,60,1,1,45,11,1.25,2,3,-1,-0.40,-0.29,Matches,d7a180bc
504,Gustavo Mancha,br BRA,DF,Fortaleza,20,2004,13,1029,79,30.1,11.4,13,79,10,0,,4,0.46,10,19,-9,-0.79,-0.56,Matches,d618c9b3
505,Eros Mancuso,ar ARG,DF,Fortaleza,25,1999,30,2377,79,69.5,26.4,27,85,19,3,30,6,1.13,29,39,-10,-0.38,+0.05,Matches,e2d40bc5
506,Luis Mandaca,br BRA,MFFW,Juventude,23,2001,32,2445,76,71.5,27.2,29,81,13,3,35,1,0.91,24,42,-18,-0.66,+0.81,Matches,e5d0ea65
507,Manoel,br BRA,DF,Fluminense,34,1990,5,345,69,10.1,3.8,4,75,2,1,45,14,1.80,5,5,0,0.00,-0.32,Matches,12748e35
508,Elias Manoel,br BRA,FW,Botafogo–RJ,23,2001,2,27,14,0.8,0.3,0,,0,2,14,9,3.00,2,0,+2,+6.67,+6.19,Matches,7f19cbe0
509,Fernando Marçal,br BRA,DF,Botafogo–RJ,35,1989,15,1009,67,29.5,11.2,11,85,9,4,19,9,1.69,23,15,+8,+0.71,+0.27,Matches,9ae9eaea
510,Marcão,br BRA,GK,Juventude,32,1992,6,495,83,14.5,5.5,5,90,5,1,45,4,0.50,2,10,-8,-1.45,-0.65,Matches,9a6cb3a8
511,Marcelinho,br BRA,FW,RB Bragantino,20,2004,0,,,,,0,,0,0,,12,,,,,,,Matches,61234a52
512,Marcelo,br BRA,DF,Fortaleza,29,1996,0,,,,,0,,0,0,,1,,,,,,,Matches,300b455d
513,Marcelo,br BRA,GK,Cruzeiro,18,2006,0,,,,,0,,0,0,,1,,,,,,,Matches,b93ab927
514,João Marcelo,br BRA,DF,Cruzeiro,24,2000,4,226,57,6.6,2.5,2,90,2,2,23,9,1.00,4,4,0,0.00,-0.68,Matches,e18b8c9e
515,João Marcelo,br BRA,FW,Atlético Mineiro,19,2005,7,68,10,2.0,0.8,0,,0,7,10,21,1.57,3,0,+3,+3.97,+4.08,Matches,e8ed7091
516,Zé Marcos,br BRA,DF,Vitória,26,1998,28,2426,87,70.9,27.0,26,89,25,2,51,6,1.11,24,41,-17,-0.63,-0.63,Matches,7b9ab588
517,Marinho,br BRA,FWMF,Fortaleza,34,1990,17,710,42,20.8,7.9,8,67,0,9,19,5,0.89,10,14,-4,-0.51,-0.14,Matches,c077c735
518,Marlon,br BRA,DF,Cruzeiro,27,1997,1,6,6,0.2,0.1,0,,0,1,6,1,0.00,0,0,0,0.00,-0.63,Matches,63969d01
519,Marlon,br BRA,FW,Juventude,20,2005,1,8,8,0.2,0.1,0,,0,1,8,8,0.00,0,0,0,0.00,+0.90,Matches,026c9d63
520,Marlon,br BRA,DF,Grêmio,27,1997,31,2765,89,80.8,30.7,31,89,30,0,,1,1.39,41,36,+5,+0.16,+1.26,Matches,63969d01
521,Gustavo Marques,br BRA,DF,RB Bragantino,23,2001,14,900,64,26.3,10.0,9,87,7,5,23,11,1.07,13,21,-8,-0.80,-0.66,Matches,b4fce835
522,Igor Marques,br BRA,MFDF,Juventude,26,1999,19,1424,75,41.6,15.8,15,86,12,4,33,1,1.05,16,23,-7,-0.44,+0.78,Matches,8b364abd
523,Lucca Marques,br BRA,MF,São Paulo,17,2007,8,318,40,9.3,3.5,2,62,0,6,33,12,1.13,4,10,-6,-1.70,-1.76,Matches,1d6ffbb1
524,Renato Marques,br BRA,FW,Mirassol,21,2003,7,261,37,7.6,2.9,3,61,0,4,20,5,2.00,5,4,+1,+0.34,-0.31,Matches,838d1215
525,Marquinhos,br BRA,MF,Cruzeiro,21,2003,17,384,23,11.2,4.3,2,78,1,15,15,9,1.82,6,3,+3,+0.70,+0.08,Matches,59878425
526,Marquinhos,br BRA,DF,Botafogo–RJ,17,2007,1,2,2,0.1,0.0,0,,0,1,2,10,1.00,0,0,0,0.00,-0.53,Matches,5fb8eee5
527,Juan Martín Lucero,ar ARG,FW,Fortaleza,33,1991,27,1409,52,41.2,15.7,16,76,4,11,17,9,0.85,15,22,-7,-0.45,-0.09,Matches,18a3f871
528,Martinelli,br BRA,MF,Fluminense,23,2001,33,2721,82,79.6,30.2,32,84,19,1,30,0,1.73,41,26,+15,+0.50,+1.01,Matches,2b124c8c
529,Alejandro Martínez,ar ARG,FWMF,Ceará,27,1997,2,49,25,1.4,0.5,0,,0,2,25,4,1.50,1,0,+1,+1.84,+2.02,Matches,26f76d7b
530,Emiliano Martínez,uy URU,MFDF,Palmeiras,25,1999,25,1516,61,44.3,16.8,17,83,12,8,13,9,2.08,30,18,+12,+0.71,-0.28,Matches,52061089
531,Emmanuel Martínez,ar ARG,MF,Fortaleza,30,1994,14,741,53,21.7,8.2,8,75,3,6,23,2,0.79,7,15,-8,-0.97,-0.74,Matches,74758396
532,Adriano Martins,br BRA,DF,Juventude,27,1997,5,360,72,10.5,4.0,5,72,3,0,,5,1.20,5,8,-3,-0.75,+0.16,Matches,35ba6188
533,Andre Martins,br BRA,FW,Grêmio,23,2001,25,793,32,23.2,8.8,6,72,0,19,19,5,1.28,12,12,0,0.00,+0.10,Matches,56224aa6
534,David Martins,br BRA,MF,Bahia,17,2007,0,,,,,0,,0,0,,3,,,,,,,Matches,b211048f
535,Matheus Martins,br BRA,MF,Botafogo–RJ,21,2003,15,654,44,19.1,7.3,6,70,3,9,26,5,1.07,8,7,+1,+0.14,-0.48,Matches,73fd2787
536,Gustavo Martins Santos,br BRA,DF,Grêmio,22,2002,19,1320,69,38.6,14.7,15,85,13,4,13,9,1.37,20,19,+1,+0.07,+0.24,Matches,ae03ce49
537,Gonzalo Mastriani,uy URU,FW,Botafogo–RJ,31,1993,12,288,24,8.4,3.2,3,72,0,9,8,20,1.75,6,2,+4,+1.25,+0.79,Matches,b4339e2b
538,Matheusinho,br BRA,MFFW,Sport Recife,26,1998,25,1653,66,48.3,18.4,22,70,3,3,40,0,0.56,20,36,-16,-0.87,+0.71,Matches,74f5a96d
539,Matheusinho,br BRA,MF,Vitória,27,1997,29,1768,61,51.7,19.6,18,79,7,11,31,1,1.41,15,18,-3,-0.15,+0.61,Matches,91c2ee76
540,Matheuzinho,br BRA,DFMF,Corinthians,24,2000,31,2632,85,77.0,29.2,28,89,25,3,45,1,1.16,33,37,-4,-0.14,-0.02,Matches,2a5bc0cd
541,Leandro Mathias,br BRA,GK,São Paulo,20,2004,0,,,,,0,,0,0,,8,,,,,,,Matches,9aa783c3
542,Ricardo Mathias,br BRA,FW,Internacional,18,2006,22,809,37,23.7,9.0,7,56,0,15,28,5,0.95,16,19,-3,-0.33,+0.01,Matches,cebd5c05
543,Mauricio,py PAR,MFFW,Palmeiras,23,2001,29,1598,55,46.7,17.8,18,72,2,11,27,6,2.00,33,18,+15,+0.84,-0.04,Matches,bf4cbc22
544,Maycon,br BRA,MF,Corinthians,27,1997,25,1491,60,43.6,16.6,16,82,6,9,20,3,1.44,21,18,+3,+0.18,+0.55,Matches,005ca692
545,Mayke,br BRA,DF,Santos,32,1992,12,821,68,24.0,9.1,9,83,5,3,25,7,1.42,7,15,-8,-0.88,-0.98,Matches,47431289
546,Mayke,br BRA,DFMF,Palmeiras,32,1992,3,211,70,6.2,2.3,3,70,1,0,,6,0.67,1,1,0,0.00,-0.93,Matches,47431289
547,Gabriel Mec,br BRA,FW,Grêmio,16,2008,0,,,,,0,,0,0,,6,,,,,,,Matches,f049a2fe
548,Luca Meirelles,br BRA,DF,Santos,17,2007,7,89,13,2.6,1.0,0,,0,7,13,5,0.86,3,1,+2,+2.02,+2.21,Matches,a0860c1e
549,Arthur Melo,br BRA,MF,Grêmio,28,1996,13,1082,83,31.6,12.0,13,83,7,0,,0,1.54,19,14,+5,+0.42,+0.72,Matches,48b3dd60
550,Memphis,nl NED,FW,Corinthians,30,1994,23,1544,67,45.1,17.2,17,80,9,6,31,0,1.30,22,19,+3,+0.17,+0.56,Matches,8f696594
551,Douglas Mendes,br BRA,DF,RB Bragantino,20,2004,0,,,,,0,,0,0,,10,,,,,,,Matches,a734cb9a
552,Nathan Mendes,br BRA,DF,RB Bragantino,22,2002,19,1158,61,33.9,12.9,12,84,8,7,21,8,1.16,16,26,-10,-0.78,-0.70,Matches,c5aa7b35
553,Thiago Mendes,br BRA,MF,Vasco da Gama,32,1992,8,300,38,8.8,3.3,3,66,0,5,20,9,0.88,7,9,-2,-0.60,-0.51,Matches,c6e5d20f
554,Vinicius Mendonça,br BRA,MF,RB Bragantino,20,2004,23,1039,45,30.4,11.5,11,60,1,12,32,2,1.52,10,13,-3,-0.26,+0.08,Matches,47a333ad
555,Jean Meneses,cl CHI,FWMF,Vasco da Gama,31,1993,1,1,1,0.0,0.0,0,,0,1,1,2,0.00,0,0,0,0.00,+0.13,Matches,dc7acc74
556,Ramon Menezes Roma,br BRA,DF,Sport Recife,29,1995,23,1876,82,54.9,20.8,22,85,19,1,15,0,0.57,20,39,-19,-0.91,+0.72,Matches,eab48ffb
557,Ramon Menezes Roma,br BRA,DFMF,Ceará,29,1995,0,,,,,0,,0,0,,10,,,,,,,Matches,eab48ffb
558,Gabriel Menino,br BRA,MFDF,Atlético Mineiro,24,2000,23,889,39,26.0,9.9,9,65,1,14,22,11,1.09,8,11,-3,-0.30,-0.37,Matches,01819e70
559,Gabriel Mercado,ar ARG,DF,Internacional,37,1987,14,1195,85,34.9,13.3,13,88,12,1,45,7,1.00,15,21,-6,-0.45,-0.17,Matches,bf97c188
560,Micael,br BRA,DF,Palmeiras,24,2000,16,1295,81,37.9,14.4,15,86,13,1,9,17,2.06,28,14,+14,+0.97,+0.17,Matches,ea95d7a6
561,Michael,br BRA,MF,Flamengo,28,1996,15,621,41,18.2,6.9,6,67,1,9,24,11,2.07,20,8,+12,+1.74,+0.49,Matches,f523d00b
562,Carlos Miguel,br BRA,GK,Palmeiras,26,1998,9,810,90,23.7,9.0,9,90,9,0,,10,1.33,10,6,+4,+0.44,-0.56,Matches,84454067
563,Fernando Miguel,br BRA,GK,Ceará,39,1985,8,657,82,19.2,7.3,7,90,7,1,27,12,1.38,7,7,0,0.00,+0.20,Matches,f1f06658
564,Diego Minete,br BRA,FW,Vasco da Gama,16,2009,0,,,,,0,,0,0,,3,,,,,,,Matches,2b256166
565,Moises,br BRA,MFFW,Fortaleza,28,1996,12,385,32,11.3,4.3,3,60,0,9,23,3,1.50,4,1,+3,+0.70,+1.24,Matches,ddd07a25
566,Miguel Monsalve,co COL,MFFW,Grêmio,20,2004,9,297,33,8.7,3.3,2,81,0,7,19,5,0.67,4,6,-2,-0.61,-0.58,Matches,a2f7f47c
567,Kevyn Monteiro,br BRA,DF,RB Bragantino,19,2005,0,,,,,0,,0,0,,5,,,,,,,Matches,c90b8d33
568,Álvaro Montoro,ar ARG,MF,Botafogo–RJ,17,2007,16,936,59,27.4,10.4,10,78,1,6,26,1,2.00,20,10,+10,+0.96,+0.60,Matches,4c55ed86
569,Kauã Moraes,br BRA,DF,Cruzeiro,18,2006,5,197,39,5.8,2.2,2,84,1,3,10,11,1.40,3,1,+2,+0.91,+0.30,Matches,936f721d
570,Aníbal Moreno,ar ARG,MF,Palmeiras,25,1999,28,1805,64,52.8,20.1,19,81,8,9,30,2,1.96,34,18,+16,+0.80,-0.15,Matches,0c0f1cd3
571,Santiago Moreno,co COL,MF,Fluminense,24,2000,5,154,31,4.5,1.7,2,64,0,3,9,4,0.80,0,1,-1,-0.58,-0.92,Matches,3261d0e4
572,Henry Mosquera,co COL,MF,RB Bragantino,23,2001,17,771,45,22.5,8.6,8,65,1,9,28,4,1.29,12,10,+2,+0.23,+0.71,Matches,be206004
573,Hugo Moura,br BRA,MFDF,Vasco da Gama,27,1998,33,2411,73,70.5,26.8,28,81,17,5,29,2,1.24,40,39,+1,+0.04,+0.57,Matches,14100165
574,Lucas Moura,br BRA,FWMF,São Paulo,32,1992,11,451,41,13.2,5.0,4,62,0,7,29,0,1.09,7,7,0,0.00,+0.12,Matches,2b622f01
575,Neto Moura,br BRA,MF,Mirassol,28,1996,34,2428,71,71.0,27.0,31,76,6,3,22,1,1.76,41,29,+12,+0.44,-0.64,Matches,28fd3b9e
576,Lucas Mugni,ar ARG,MF,Ceará,33,1992,33,1714,52,50.1,19.0,22,67,0,11,21,1,1.15,17,16,+1,+0.05,+0.42,Matches,f87818d3
577,Alex Muralha,br BRA,GK,Mirassol,35,1989,7,630,90,18.4,7.0,7,90,7,0,,28,1.43,14,10,+4,+0.57,-0.07,Matches,38082f12
578,Leonardo Nannetti Lopes,br BRA,GK,Flamengo,17,2007,0,,,,,0,,0,0,,3,,,,,,,Matches,d967dffe
579,Bruno Nascimento,br BRA,FW,Palmeiras,27,1997,10,341,34,10.0,3.8,4,59,0,6,18,8,1.70,7,1,+6,+1.58,+0.79,Matches,46411d56
580,Nata,br BRA,DF,Juventude,23,2001,2,94,47,2.7,1.0,1,63,0,1,31,14,0.00,0,4,-4,-3.83,-3.02,Matches,b9ae93ab
581,Natanael,br BRA,DFMF,Atlético Mineiro,23,2002,34,2142,63,62.6,23.8,24,77,10,10,29,4,1.32,17,25,-8,-0.34,-0.83,Matches,0b618504
582,Nathan,br BRA,DF,Internacional,23,2001,1,90,90,2.6,1.0,1,90,1,0,,9,3.00,3,1,+2,+2.00,+2.41,Matches,9fb6420e
583,Nathan,br BRA,MF,Grêmio,28,1996,2,90,45,2.6,1.0,1,58,0,1,32,5,1.00,0,1,-1,-1.00,-0.95,Matches,fa00f0c9
584,Kaiky Naves,br BRA,DF,Palmeiras,22,2002,1,19,19,0.6,0.2,0,,0,1,19,6,3.00,0,0,0,0.00,-0.87,Matches,621576f9
585,Gui Negão,br BRA,FWMF,Corinthians,17,2007,22,945,43,27.6,10.5,12,68,1,10,13,4,1.27,12,13,-1,-0.10,+0.05,Matches,8d835047
586,Felipe Negrucci,br BRA,DF,São Paulo,20,2004,5,226,45,6.6,2.5,2,90,2,3,15,32,1.80,3,4,-1,-0.40,-0.31,Matches,784f2ef7
587,Negueba,br BRA,FWMF,Mirassol,25,1999,33,2157,65,63.1,24.0,27,74,3,6,27,1,1.85,42,26,+16,+0.67,+0.10,Matches,47c2829f
588,Edison Negueba,br BRA,FW,Juventude,24,2000,5,107,21,3.1,1.2,0,,0,5,21,9,0.40,2,2,0,0.00,+0.92,Matches,ab23371b
589,Nenê,br BRA,FWMF,Juventude,43,1981,25,1009,40,29.5,11.2,12,58,0,13,24,11,1.00,13,18,-5,-0.45,+0.64,Matches,265ebd37
590,Neris,br BRA,DF,Vitória,32,1992,10,534,53,15.6,5.9,6,78,3,4,16,16,1.40,4,6,-2,-0.34,+0.13,Matches,f961d4c2
591,Rodrigo Nestor,br BRA,MFFW,Bahia,24,2000,22,875,40,25.6,9.7,8,69,1,14,23,12,1.32,9,13,-4,-0.41,-0.69,Matches,c04ebe99
592,Neto,br BRA,GK,Botafogo–RJ,35,1989,3,224,75,6.5,2.5,3,75,2,0,,1,2.00,7,3,+4,+1.61,+1.16,Matches,a9dc785c
593,João Neto,br BRA,FW,RB Bragantino,21,2003,0,,,,,0,,0,0,,10,,,,,,,Matches,9737f758
594,Newton,br BRA,MF,Botafogo–RJ,24,2000,25,1494,60,43.7,16.6,16,81,9,9,22,11,1.68,22,18,+4,+0.24,-0.51,Matches,0c0c8329
595,Neymar,br BRA,FWMF,Santos,32,1992,20,1528,76,44.7,17.0,17,84,10,3,32,0,1.60,23,21,+2,+0.12,+0.45,Matches,69384e5d
596,Nicolas,br BRA,DF,Ceará,27,1997,13,593,46,17.3,6.6,6,89,4,7,9,19,1.15,5,8,-3,-0.46,-0.36,Matches,0739a5da
597,Nicolas,br BRA,DF,São Paulo,17,2007,1,45,45,1.3,0.5,0,,0,1,45,4,0.00,0,3,-3,-6.00,-5.97,Matches,3988393d
598,Saúl Ñíguez,es ESP,MF,Flamengo,30,1994,16,1156,72,33.8,12.8,12,88,10,4,27,2,2.00,28,14,+14,+1.09,-0.38,Matches,c14bc029
599,Nonato,br BRA,MF,Fluminense,26,1998,20,914,46,26.7,10.2,8,68,1,12,31,4,1.45,16,13,+3,+0.30,+0.01,Matches,b91a6912
600,Erick Noriega,pe PER,DFMF,Grêmio,23,2001,14,1184,85,34.6,13.2,14,85,11,0,,1,1.14,16,18,-2,-0.15,-0.11,Matches,fd8ce644
601,Gustavo Nunes,br BRA,MF,Mirassol,18,2006,0,,,,,0,,0,0,,1,,,,,,,Matches,48f6b7da
602,Lucas Oliveira,br BRA,DF,Vasco da Gama,28,1996,8,259,32,7.6,2.9,2,84,1,6,15,18,1.75,0,9,-9,-3.13,-3.24,Matches,96d8b3d1
603,Sérgio Oliveira,pt POR,MF,Sport Recife,32,1992,19,997,52,29.2,11.1,10,78,5,9,24,4,0.16,7,26,-19,-1.72,-0.68,Matches,947e036f
604,Cauly Oliveira Souza,br BRA,FWMF,Bahia,29,1995,29,910,31,26.6,10.1,7,62,0,22,22,8,1.59,14,12,+2,+0.20,+0.13,Matches,2b53f7a5
605,Cristian Olivera,uy URU,MFFW,Grêmio,22,2002,22,1285,58,37.6,14.3,15,74,2,7,26,2,1.45,14,11,+3,+0.21,+0.46,Matches,079dc403
606,Christian Ortiz,ar ARG,FWMF,Sport Recife,32,1992,6,178,30,5.2,2.0,0,,0,6,30,4,0.33,0,0,0,0.00,+1.30,Matches,bd8ddbd6
607,Leo Ortiz,br BRA,DF,Flamengo,29,1996,26,2203,85,64.4,24.5,26,85,22,0,,2,2.12,46,12,+34,+1.39,+0.13,Matches,53834fa2
608,Oscar,br BRA,MFFW,São Paulo,33,1991,6,345,58,10.1,3.8,5,62,1,1,36,2,1.17,4,6,-2,-0.52,-0.46,Matches,57fe98dd
609,Osvaldo,br BRA,MF,Vitória,37,1987,27,996,37,29.1,11.1,11,64,0,16,19,8,1.15,8,14,-6,-0.54,-0.13,Matches,deb6b945
610,Otávio,br BRA,GK,Cruzeiro,19,2005,0,,,,,0,,0,0,,6,,,,,,,Matches,b23013d3
611,Otávio,br BRA,MF,Fluminense,30,1994,6,217,36,6.3,2.4,2,90,2,4,9,8,1.50,1,2,-1,-0.41,-0.75,Matches,243f4a0b
612,Luis Otávio,br BRA,MF,Internacional,17,2007,20,770,39,22.5,8.6,7,72,3,13,20,8,1.05,4,12,-8,-0.94,-0.77,Matches,1ffa6688
613,Luiz Otávio,br BRA,DF,Mirassol,32,1992,5,165,33,4.8,1.8,1,90,1,4,19,16,2.00,2,3,-1,-0.55,-1.24,Matches,35e4fc3a
614,João Othavio Basso,br BRA,DF,Santos,28,1997,6,518,86,15.1,5.8,6,86,4,0,,19,1.67,8,7,+1,+0.17,+0.36,Matches,86c79c42
615,Pablo,br BRA,DF,Internacional,18,2006,1,20,20,0.6,0.2,0,,0,1,20,4,0.00,0,0,0,0.00,+0.34,Matches,3933b8fc
616,Pablo,br BRA,GK,Vasco da Gama,21,2003,0,,,,,0,,0,0,,3,,,,,,,Matches,df4b335a
617,Pablo,br BRA,FW,Sport Recife,32,1992,21,1055,50,30.8,11.7,13,72,4,8,15,7,0.38,12,29,-17,-1.45,-0.31,Matches,1ad394c5
618,Ruan Pablo,br BRA,FW,Bahia,16,2008,5,51,10,1.5,0.6,0,,0,5,10,4,1.80,2,0,+2,+3.53,+3.48,Matches,a3bbbdc7
619,Bruno Pacheco,br BRA,DF,Fortaleza,33,1991,15,1261,84,36.9,14.0,15,84,11,0,,9,1.13,17,20,-3,-0.21,+0.29,Matches,9b7976e6
620,Luis Pacheco,br BRA,MF,Palmeiras,16,2008,2,18,9,0.5,0.2,0,,0,2,9,0,3.00,0,0,0,0.00,-0.87,Matches,ffba37be
621,Gonçalo Paciência,pt POR,FW,Sport Recife,30,1994,6,196,33,5.7,2.2,3,48,0,3,17,10,0.33,2,7,-5,-2.30,-1.12,Matches,962e54cb
622,Brahian Palacios,co COL,MF,Atlético Mineiro,22,2002,1,8,8,0.2,0.1,0,,0,1,8,3,3.00,0,0,0,0.00,+0.03,Matches,61a05353
623,Diego Palacios,ec ECU,DF,Corinthians,25,1999,0,,,,,0,,0,0,,1,,,,,,,Matches,6ec37f2e
624,Sergio Palacios,co COL,DF,RB Bragantino,19,2005,2,71,36,2.1,0.8,1,45,0,1,26,5,1.50,1,2,-1,-1.27,-0.97,Matches,e47c977a
625,Kaio Pantaleão,br BRA,DF,Botafogo–RJ,29,1995,11,933,85,27.3,10.4,11,85,8,0,,0,1.73,15,10,+5,+0.48,-0.06,Matches,a9be27f2
626,Rayan Passaglia Lelis,br BRA,MF,Cruzeiro,18,2007,1,64,64,1.9,0.7,1,64,0,0,,6,0.00,0,3,-3,-4.22,-4.94,Matches,199a71d2
627,Alan Patrick,br BRA,MFFW,Internacional,33,1991,30,2506,84,73.3,27.8,30,84,17,0,,0,1.30,36,39,-3,-0.11,+0.88,Matches,00672021
628,Patryck,br BRA,MFDF,São Paulo,22,2003,5,309,62,9.0,3.4,3,72,1,2,46,26,0.80,3,6,-3,-0.87,-0.84,Matches,8dcbd7af
629,Patrick de Paula,br BRA,MF,Botafogo–RJ,25,1999,6,284,47,8.3,3.2,4,62,0,2,19,4,0.83,2,2,0,0.00,-0.57,Matches,9f12fbb7
630,Paulinho,br BRA,MF,Palmeiras,24,2000,7,224,32,6.5,2.5,1,64,0,6,27,0,1.71,1,3,-2,-0.80,-1.79,Matches,53070b63
631,Paulinho,br BRA,DF,Vasco da Gama,19,2005,0,,,,,0,,0,0,,9,,,,,,,Matches,0636d932
632,Paulinho,br BRA,MF,Vasco da Gama,28,1997,11,310,28,9.1,3.4,4,62,1,7,9,23,1.00,2,9,-7,-2.03,-2.09,Matches,2d215840
633,Caio Paulista,br BRA,MFDF,Atlético Mineiro,26,1998,20,885,44,25.9,9.8,10,67,2,10,22,18,1.35,6,10,-4,-0.41,-0.51,Matches,701bb051
634,João Paulo,br BRA,GK,Bahia,29,1995,0,,,,,0,,0,0,,8,,,,,,,Matches,d0102ca0
635,João Paulo,br BRA,GK,Santos,29,1995,0,,,0.0,0.0,0,,0,0,,15,0.00,0,2,-2,,,Matches,d0102ca0
636,Marcos Paulo,br BRA,DF,Juventude,22,2003,19,1367,72,40.0,15.2,16,78,9,3,37,6,0.79,13,28,-15,-0.99,-0.15,Matches,4dd6bb79
637,Cristian Pavón,ar ARG,MF,Grêmio,29,1996,28,1373,49,40.1,15.3,14,64,0,14,34,1,1.25,17,21,-4,-0.26,-0.31,Matches,a664b026
638,Dimitri Payet,fr FRA,MF,Vasco da Gama,37,1987,4,191,48,5.6,2.1,2,73,1,2,23,0,1.50,2,4,-2,-0.94,-0.86,Matches,58ae47b2
639,Pedrinho,br BRA,MF,São Paulo,17,2007,2,26,13,0.8,0.3,0,,0,2,13,5,1.50,0,0,0,0.00,+0.11,Matches,10eb3647
640,Pedro,br BRA,FW,Flamengo,27,1997,21,1047,50,30.6,11.6,13,68,1,8,20,2,2.24,32,3,+29,+2.49,+1.66,Matches,1ab6fad3
641,João Pedro Chermont,br BRA,DF,Santos,19,2006,5,249,50,7.3,2.8,2,90,2,3,23,11,1.17,6,6,0,0.00,+0.14,Matches,e987e031
642,João Pedro,br BRA,DF,Corinthians,21,2003,16,1242,78,36.3,13.8,13,89,12,3,28,19,1.50,18,14,+4,+0.29,+0.66,Matches,cd51f56f
643,João Pedro,br BRA,DF,Grêmio,28,1996,7,454,65,13.3,5.0,6,71,3,1,28,4,0.57,3,10,-7,-1.39,-1.51,Matches,31d1ed52
644,João Pedro Pepê,br BRA,MF,Vitória,27,1998,14,654,47,19.1,7.3,6,81,4,8,21,13,1.00,5,18,-13,-1.79,-1.66,Matches,d75471eb
645,Peixoto,br BRA,MFDF,Juventude,27,1997,13,733,56,21.4,8.1,8,84,3,5,13,13,0.85,7,12,-5,-0.61,+0.36,Matches,9d060c89
646,Andreas Pereira,br BRA,MF,Palmeiras,29,1996,15,1005,67,29.4,11.2,11,84,4,4,21,0,1.93,23,11,+12,+1.07,+0.29,Matches,6639e500
647,Léo Pereira,br BRA,DF,Flamengo,29,1996,34,2953,87,86.3,32.8,33,88,30,1,45,2,2.18,67,21,+46,+1.40,+0.44,Matches,bd247251
648,Matheus Pereira,br BRA,MF,Cruzeiro,28,1996,34,2793,82,81.7,31.0,32,86,11,2,23,0,1.94,43,20,+23,+0.74,+0.60,Matches,b04ee927
649,Luan Peres Petroni,br BRA,DF,Santos,30,1994,24,2051,85,60.0,22.8,23,89,22,1,10,9,1.25,23,32,-9,-0.39,-0.66,Matches,a5549ec1
650,Pernambuco,br BRA,MF,Juventude,26,1998,3,57,19,1.7,0.6,0,,0,3,19,1,1.33,0,4,-4,-6.32,-5.51,Matches,ec61b68f
651,Petterson,br BRA,MF,Juventude,21,2004,2,80,40,2.3,0.9,1,57,0,1,23,2,1.50,0,1,-1,-1.13,-0.24,Matches,9943597e
652,Zé Phelipe,br BRA,MF,Atlético Mineiro,19,2005,0,,,,,0,,0,0,,3,,,,,,,Matches,a42637d3
653,Pierre,br BRA,MF,Fortaleza,22,2002,13,839,65,24.5,9.3,10,79,1,3,16,6,1.69,16,10,+6,+0.64,+1.38,Matches,064cd740
654,Yago Pikachu,br BRA,MFFW,Fortaleza,32,1992,31,1389,45,40.6,15.4,14,77,5,17,19,7,1.19,14,21,-7,-0.45,-0.10,Matches,462f1e13
655,Rafael Pinna,br BRA,FW,Juventude,17,2007,0,,,,,0,,0,0,,2,,,,,,,Matches,bebbf2a9
656,Joaquín Piquerez,uy URU,DFMF,Palmeiras,26,1998,30,2456,82,71.8,27.3,28,85,23,2,36,4,2.07,47,23,+24,+0.88,+0.04,Matches,46009f44
657,Rafael Pires,br BRA,GK,São Paulo,35,1989,35,3150,90,92.1,35.0,35,90,35,0,,1,1.43,41,38,+3,+0.09,+2.42,Matches,539f6761
658,Marcelo Pitaluga,br BRA,GK,Fluminense,22,2002,0,,,0.0,0.0,0,,0,0,,11,0.00,2,4,-2,,,Matches,b3cafda8
659,Lucas Piton,br BRA,DF,Vasco da Gama,24,2000,30,2545,85,74.4,28.3,29,86,23,1,45,0,1.20,44,37,+7,+0.25,+1.48,Matches,defce7f1
660,Isidro Pitta,py PAR,FW,RB Bragantino,25,1999,24,1093,46,32.0,12.1,10,83,6,14,19,2,1.42,17,22,-5,-0.41,-0.14,Matches,e9fc7295
661,Diego Pituca,br BRA,MF,Santos,32,1992,10,392,39,11.5,4.4,4,68,0,6,20,5,1.00,4,5,-1,-0.23,-0.11,Matches,6f5249ed
662,Gonzalo Plata,ec ECU,MFFW,Flamengo,24,2000,28,1350,48,39.5,15.0,14,71,4,14,26,0,2.00,27,9,+18,+1.20,-0.23,Matches,54bcdeb0
663,Tomas Pochettino,ar ARG,MFFW,Fortaleza,28,1996,26,1537,59,44.9,17.1,18,73,4,8,27,2,1.31,23,25,-2,-0.12,+0.50,Matches,fb36aa6b
664,Mateo Ponte,uy URU,DF,Botafogo–RJ,21,2003,21,676,32,19.8,7.5,4,84,2,17,20,16,1.52,12,10,+2,+0.27,-0.32,Matches,981e61c1
665,Gustavo Prado,br BRA,MF,Internacional,19,2005,18,559,31,16.3,6.2,3,67,1,15,24,12,1.00,4,13,-9,-1.45,-1.32,Matches,511bad81
666,Kauã Prates,br BRA,DF,Cruzeiro,16,2008,8,341,43,10.0,3.8,4,76,2,4,9,24,2.13,6,4,+2,+0.53,-0.12,Matches,6ecfd382
667,Bruno Praxedes,br BRA,MF,RB Bragantino,22,2002,15,400,27,11.7,4.4,3,66,0,12,17,9,0.80,5,15,-10,-2.25,-2.19,Matches,5dd520a8
668,Felipe Preis,br BRA,GK,São Paulo,19,2005,0,,,,,0,,0,0,,7,,,,,,,Matches,3a0d7429
669,Lucca Prior,br BRA,MFFW,Fortaleza,20,2004,12,656,55,19.2,7.3,7,72,2,5,30,10,0.58,7,15,-8,-1.10,-0.87,Matches,dbeca92a
670,Erick Pulga,br BRA,FWMF,Bahia,24,2000,24,1687,70,49.3,18.7,20,77,6,4,39,1,1.63,22,23,-1,-0.05,-0.31,Matches,56088230
671,Erick Pulgar,cl CHI,MF,Flamengo,31,1994,17,1240,73,36.3,13.8,15,78,8,2,32,1,2.18,32,11,+21,+1.52,+0.29,Matches,4611e028
672,Du Queiroz,br BRA,MF,Sport Recife,25,2000,11,615,56,18.0,6.8,8,68,1,3,25,0,0.27,3,12,-9,-1.32,-0.10,Matches,8440b0cb
673,Igor Rabello,br BRA,DF,Fluminense,29,1995,4,144,36,4.2,1.6,2,67,1,2,5,7,1.25,1,1,0,0.00,-0.30,Matches,48048864
674,Igor Rabello,br BRA,DF,Atlético Mineiro,29,1995,4,189,47,5.5,2.1,2,90,2,2,5,10,1.75,2,2,0,0.00,+0.03,Matches,48048864
675,Zé Rafael,br BRA,MF,Santos,31,1993,27,1854,69,54.2,20.6,22,79,8,5,22,1,1.41,17,28,-11,-0.53,-0.88,Matches,634b1413
676,Rafinha,br BRA,DF,Sport Recife,18,2006,1,45,45,1.3,0.5,0,,0,1,45,1,0.00,0,1,-1,-2.00,-0.77,Matches,90c2b7c0
677,André Ramalho,br BRA,DF,Corinthians,32,1992,21,1780,85,52.0,19.8,20,89,17,1,9,10,1.29,21,24,-3,-0.15,-0.04,Matches,7483d9f9
678,Eric Ramires,br BRA,MF,RB Bragantino,24,2000,31,1786,58,52.2,19.8,24,68,6,7,23,1,1.16,26,32,-6,-0.30,+0.03,Matches,37faa4cb
679,Ramon,br BRA,DF,Internacional,23,2001,5,329,66,9.6,3.7,4,80,3,1,10,11,0.40,0,7,-7,-1.91,-1.74,Matches,fdf88bc0
680,Ramon,br BRA,DFMF,Vitória,23,2001,18,1620,90,47.4,18.0,18,90,18,0,,0,1.33,15,28,-13,-0.72,-0.52,Matches,fdf88bc0
681,Lucas Ramon,br BRA,DF,Mirassol,30,1994,31,2604,84,76.1,28.9,30,85,24,1,45,1,1.55,43,29,+14,+0.48,-0.62,Matches,58933a04
682,Chris Ramos,es ESP,FW,Botafogo–RJ,28,1997,13,718,55,21.0,8.0,8,71,2,5,30,3,1.46,11,12,-1,-0.13,-0.82,Matches,44e07fac
683,David Ramos,br BRA,MF,Atlético Mineiro,19,2005,0,,,,,0,,0,0,,2,,,,,,,Matches,5d839567
684,Santi Ramos Mingo,ar ARG,DF,Bahia,23,2001,33,2926,89,85.6,32.5,33,89,31,0,,0,1.61,43,40,+3,+0.09,-0.09,Matches,fe0a346d
685,Rafael Ramos,pt POR,DFMF,Ceará,30,1995,20,904,45,26.4,10.0,9,80,6,11,17,16,1.05,6,14,-8,-0.80,-0.87,Matches,f8ddf51c
686,Raniele,br BRA,MFDF,Corinthians,28,1996,30,2013,67,58.9,22.4,25,75,11,5,30,2,1.13,25,29,-4,-0.18,-0.11,Matches,a025365f
687,Wellington Rato,br BRA,FWMF,Vitória,32,1992,5,212,42,6.2,2.4,3,54,0,2,25,2,0.60,1,5,-4,-1.70,-1.33,Matches,598917cf
688,Pedro Raul,br BRA,FW,Ceará,28,1996,34,2896,85,84.7,32.2,34,85,21,0,,0,1.15,29,32,-3,-0.09,+0.42,Matches,ed074559
689,Rayan,br BRA,MFFW,Vasco da Gama,18,2006,34,2835,83,82.9,31.5,32,87,22,2,29,1,1.06,45,48,-3,-0.10,+0.21,Matches,288647fc
690,Raykkonen,br BRA,FW,Internacional,16,2008,7,124,18,3.6,1.4,0,,0,7,18,11,0.71,2,0,+2,+1.45,+1.86,Matches,3114f93a
691,Reginaldo,br BRA,DF,Juventude,31,1993,18,1170,65,34.2,13.0,14,77,7,4,24,20,1.17,11,27,-16,-1.23,-0.51,Matches,b018b2b6
692,Reinaldo,br BRA,DF,Mirassol,35,1989,34,2892,85,84.6,32.1,33,87,30,1,11,0,1.74,53,32,+21,+0.65,+0.14,Matches,ab3edc87
693,Reinier,br BRA,FWMF,Atlético Mineiro,23,2002,13,333,26,9.7,3.7,3,60,0,10,15,8,0.69,1,8,-7,-1.89,-2.07,Matches,6b21b7b5
694,Robert Renan,br BRA,DF,Vasco da Gama,21,2003,15,1287,86,37.6,14.3,15,86,13,0,,2,1.33,22,23,-1,-0.07,+0.10,Matches,168a2e81
695,Cristian Renato,br BRA,FW,Mirassol,24,2000,32,1351,42,39.5,15.0,11,68,1,21,29,4,1.88,28,15,+13,+0.87,+0.39,Matches,349504e0
696,Renê,br BRA,DF,Fluminense,32,1992,28,2362,84,69.1,26.2,27,87,24,1,16,5,1.89,38,21,+17,+0.65,+1.16,Matches,d000ffc7
697,Renzo,br BRA,DF,Sport Recife,23,2001,0,,,,,0,,0,0,,3,,,,,,,Matches,8e66b649
698,Rezende,br BRA,MFDF,Bahia,30,1995,11,580,53,17.0,6.4,5,87,4,6,25,19,0.91,5,14,-9,-1.40,-1.81,Matches,dfddb0f9
699,Murilo Rhikman,br BRA,MF,Cruzeiro,18,2006,2,8,4,0.2,0.1,0,,0,2,4,16,1.50,0,0,0,0.00,-0.63,Matches,9e91b234
700,Rhyan,br BRA,GK,Botafogo–RJ,19,2006,0,,,,,0,,0,0,,5,,,,,,,Matches,c1424ecb
701,Everton Ribeiro,br BRA,MF,Bahia,35,1989,31,1925,62,56.3,21.4,25,70,1,6,29,1,1.61,29,21,+8,+0.37,+0.61,Matches,68fb50a2
702,Ricardo,br BRA,MF,Vitória,30,1994,20,882,44,25.8,9.8,11,68,2,9,15,13,0.90,7,16,-9,-0.92,-0.63,Matches,2a5cdcd1
703,João Ricardo Riedi,br BRA,GK,Fortaleza,36,1988,14,1260,90,36.8,14.0,14,90,14,0,,2,1.14,15,18,-3,-0.21,+0.29,Matches,4729d71a
704,Richard,br BRA,MF,Internacional,30,1994,7,275,39,8.0,3.1,3,66,0,4,19,7,0.57,4,10,-6,-1.96,-1.76,Matches,e90aa5da
705,Richard,br BRA,GK,Ceará,33,1991,0,,,0.0,0.0,0,,0,0,,19,0.00,1,2,-1,,,Matches,f2c12e8d
706,Richardson,br BRA,MF,Ceará,33,1991,16,790,49,23.1,8.8,10,70,1,6,16,10,1.44,7,8,-1,-0.11,+0.06,Matches,ef6b8a6b
707,Charles Rigon Matos,br BRA,MFDF,Corinthians,28,1996,17,571,34,16.7,6.3,6,72,2,11,13,14,1.71,8,6,+2,+0.32,+0.54,Matches,6ff91a3a
708,Emiliano Rigoni,ar ARG,FW,São Paulo,31,1993,10,294,29,8.6,3.3,2,56,1,8,23,5,1.20,3,9,-6,-1.84,-1.89,Matches,a1216563
709,Tomás Rincón,ve VEN,MF,Santos,37,1988,17,922,54,27.0,10.2,11,71,5,6,23,16,1.29,3,11,-8,-0.78,-0.89,Matches,f1cfc209
710,Richard Ríos,co COL,MF,Palmeiras,24,2000,10,733,73,21.4,8.1,10,73,2,0,,0,2.00,7,5,+2,+0.25,-0.79,Matches,72da065d
711,Riquelme,br BRA,MF,Sport Recife,18,2007,2,23,12,0.7,0.3,0,,0,2,12,8,0.00,0,2,-2,-7.83,-6.63,Matches,1c1828c3
712,Riquelme,br BRA,MF,Fluminense,17,2007,6,99,17,2.9,1.1,0,,0,6,17,14,2.17,2,1,+1,+0.91,+0.64,Matches,ce31d798
713,Christian Rivera,co COL,MF,Sport Recife,29,1996,33,2729,83,79.8,30.3,32,85,23,1,17,1,0.42,23,62,-39,-1.29,-0.24,Matches,7c094b1a
714,Robert,br BRA,GK,Atlético Mineiro,19,2005,0,,,,,0,,0,0,,19,,,,,,,Matches,f0b3d428
715,Pablo Roberto,br BRA,MF,Fortaleza,25,1999,5,116,23,3.4,1.3,1,45,0,4,18,3,0.83,1,5,-4,-3.10,-2.80,Matches,880d2226
716,Paulo Roberto,br BRA,DF,Vitória,19,2005,2,96,48,2.8,1.1,2,48,0,0,,8,1.50,1,0,+1,+0.94,+1.42,Matches,a5898315
717,Kaique Rocha,br BRA,DF,Internacional,23,2001,0,,,,,0,,0,0,,6,,,,,,,Matches,b31d385e
718,Marcos Rocha,br BRA,DF,Palmeiras,36,1988,1,90,90,2.6,1.0,1,90,1,0,,10,1.00,2,2,0,0.00,-0.89,Matches,fdd2f275
719,Marcos Rocha,br BRA,DF,Grêmio,36,1988,12,959,80,28.0,10.7,12,80,8,0,,0,1.75,20,13,+7,+0.66,+1.02,Matches,fdd2f275
720,Sergio Rochet,uy URU,GK,Internacional,31,1993,15,1305,87,38.2,14.5,15,87,14,0,,1,1.40,21,25,-4,-0.28,+0.11,Matches,81b99b9e
721,Rodrigo,br BRA,MF,São Paulo,20,2004,18,724,40,21.2,8.0,8,66,2,10,20,7,1.39,7,11,-4,-0.50,-0.50,Matches,1126f4e2
722,Alisson Rodrigues,br BRA,DF,Internacional,16,2008,1,26,26,0.8,0.3,0,,0,1,26,10,0.00,0,0,0,0.00,+0.34,Matches,8434bef6
723,Ruben Rodrigues,pt POR,FWMF,Vitória,28,1996,4,26,7,0.8,0.3,0,,0,4,7,5,0.75,0,2,-2,-6.92,-6.53,Matches,b4c136b7
724,Alan Rodríguez,uy URU,MF,Internacional,25,2000,15,943,63,27.6,10.5,11,77,5,4,25,0,1.13,15,22,-7,-0.67,-0.45,Matches,fcd24b4b
725,Guzmán Rodríguez,uy URU,DF,RB Bragantino,24,2000,23,2051,89,60.0,22.8,23,89,22,0,,3,1.43,29,31,-2,-0.09,+0.57,Matches,33f2fd18
726,Luciano Rodríguez,uy URU,FW,Bahia,21,2003,18,791,44,23.1,8.8,8,65,2,10,27,1,1.78,11,15,-4,-0.46,-0.73,Matches,8ccc9220
727,Santiago Rodríguez,uy URU,MF,Botafogo–RJ,25,2000,26,1328,51,38.8,14.8,14,79,3,12,19,4,1.73,24,16,+8,+0.54,+0.03,Matches,86dff811
728,Rodriguinho,br BRA,MF,Cruzeiro,21,2003,1,15,15,0.4,0.2,0,,0,1,15,9,0.00,0,1,-1,-6.00,-6.66,Matches,4565dde3
729,Rodriguinho,br BRA,MF,Ceará,21,2003,4,33,8,1.0,0.4,0,,0,4,8,6,0.50,0,1,-1,-2.73,-2.59,Matches,4565dde3
730,Agustín Rogel,uy URU,DF,Internacional,27,1997,5,450,90,13.2,5.0,5,90,5,0,,7,1.00,4,6,-2,-0.40,-0.07,Matches,ea42c03f
731,Benjamín Rollheiser,ar ARG,MFFW,Santos,24,2000,36,2212,61,64.7,24.6,27,75,8,9,20,0,1.19,23,31,-8,-0.33,-0.55,Matches,e8c4a824
732,Iván Román,cl CHI,DF,Atlético Mineiro,18,2006,12,701,58,20.5,7.8,8,76,3,4,23,19,1.42,5,13,-8,-1.03,-1.26,Matches,8ee6a7c1
733,Romarinho,br BRA,MF,Vitória,34,1990,5,124,25,3.6,1.4,1,70,0,4,14,2,0.00,0,3,-3,-2.18,-1.80,Matches,d73461ea
734,Romarinho,br BRA,MFFW,Sport Recife,30,1994,26,912,35,26.7,10.1,7,74,3,19,21,11,0.27,11,27,-16,-1.58,-0.47,Matches,1e7d2cc0
735,Ángel Romero,py PAR,FWMF,Corinthians,32,1992,27,1068,40,31.2,11.9,11,72,2,16,17,8,1.22,11,19,-8,-0.67,-0.79,Matches,36edfb9b
736,Lucas Romero,ar ARG,MF,Cruzeiro,30,1994,33,2832,86,82.8,31.5,32,87,23,1,45,0,1.94,44,23,+21,+0.67,+0.21,Matches,d89e48b8
737,Óscar Romero,py PAR,MF,Internacional,32,1992,17,505,30,14.8,5.6,5,54,0,12,19,15,1.12,4,12,-8,-1.43,-1.27,Matches,4bc5f2b4
738,Romulo,br BRA,MF,Ceará,23,2001,9,133,15,3.9,1.5,0,,0,9,15,6,1.22,0,4,-4,-2.71,-2.65,Matches,58a061ba
739,Rômulo,br BRA,DF,Atlético Mineiro,21,2004,3,209,70,6.1,2.3,2,75,1,1,59,9,1.33,3,4,-1,-0.43,-0.43,Matches,a5dedc6e
740,Ronald,br BRA,MF,Vitória,27,1997,29,1871,65,54.7,20.8,23,75,8,6,24,6,1.24,21,28,-7,-0.34,+0.24,Matches,cc119c66
741,Ronald,br BRA,DF,Grêmio,21,2003,6,233,39,6.8,2.6,1,90,1,5,29,7,1.83,5,3,+2,+0.77,+0.91,Matches,5334ff3f
742,Ronaldo,br BRA,GK,Bahia,28,1996,28,2448,87,71.6,27.2,28,87,27,0,,5,1.36,37,37,0,0.00,-0.37,Matches,711c08dc
743,Ronaldo,br BRA,MF,Internacional,28,1996,15,774,52,22.6,8.6,6,89,5,9,27,5,1.20,7,12,-5,-0.58,-0.31,Matches,8a3b002a
744,Budiga Roni,br BRA,MF,Mirassol,25,1999,9,150,17,4.4,1.7,0,,0,9,17,22,2.56,4,2,+2,+1.20,+0.59,Matches,af433614
745,Rony,br BRA,FWMF,Atlético Mineiro,29,1995,35,2500,71,73.1,27.8,29,82,14,6,21,1,1.37,30,30,0,0.00,+0.10,Matches,bffd5e50
746,Vitor Roque,br BRA,FW,Palmeiras,19,2005,33,2117,64,61.9,23.5,24,78,7,9,27,0,2.03,48,15,+33,+1.40,+1.40,Matches,cb00f1e6
747,Diego Rosa,br BRA,MF,Internacional,22,2002,7,199,28,5.8,2.2,1,79,0,6,20,7,1.43,0,6,-6,-2.71,-2.52,Matches,c66a2173
748,Matheus Rossetto,br BRA,MF,Fortaleza,28,1996,20,924,46,27.0,10.3,10,69,1,10,23,15,1.30,9,20,-11,-1.07,-0.93,Matches,daf8c775
749,Agustín Rossi,ar ARG,GK,Flamengo,29,1995,37,3330,90,97.4,37.0,37,90,37,0,,0,2.11,75,24,+51,+1.38,+1.38,Matches,ef223e5f
750,Ruan,br BRA,DF,Atlético Mineiro,25,1999,11,811,74,23.7,9.0,7,86,5,4,53,4,1.18,10,13,-3,-0.33,-0.40,Matches,a378a02a
751,Ruan,br BRA,DF,São Paulo,25,1999,5,361,72,10.6,4.0,4,90,4,1,1,3,1.20,3,3,0,0.00,+0.12,Matches,a378a02a
752,Rubens,br BRA,MFDF,Atlético Mineiro,23,2001,13,1033,79,30.2,11.5,11,88,9,2,32,0,1.54,12,10,+2,+0.17,+0.29,Matches,ae23d044
753,Alan Ruschel,br BRA,DF,Juventude,35,1989,21,1230,59,36.0,13.7,14,83,9,7,10,14,0.76,9,26,-17,-1.24,-0.55,Matches,09aeb402
754,Rwan,br BRA,FW,Botafogo–RJ,23,2001,5,176,35,5.1,2.0,2,63,0,3,17,5,2.00,1,0,+1,+0.51,-0.02,Matches,568a75fd
755,José Sabino,br BRA,DF,São Paulo,28,1996,30,2299,77,67.2,25.5,25,88,24,5,19,7,1.57,34,26,+8,+0.31,+1.28,Matches,e1524457
756,Daniel Sales,br BRA,DF,Flamengo,18,2006,1,68,68,2.0,0.8,1,68,0,0,,5,1.00,3,3,0,0.00,-1.37,Matches,098f9d54
757,Rodrigo Sam,br BRA,DF,Juventude,29,1995,18,1457,81,42.6,16.2,16,90,16,2,9,2,0.78,14,31,-17,-1.05,-0.27,Matches,06c06e58
758,Mateo Sanabria,ar ARG,MF,Bahia,20,2004,10,569,57,16.6,6.3,7,73,0,3,20,0,1.00,9,8,+1,+0.16,+0.06,Matches,85d69267
759,Alex Sandro,br BRA,DF,Flamengo,34,1991,20,1544,77,45.1,17.2,19,79,15,1,45,5,2.35,36,11,+25,+1.46,+0.21,Matches,0d82903c
760,Agustín Sant'Anna,uy URU,DF,RB Bragantino,27,1997,11,523,48,15.3,5.8,6,71,2,5,20,5,1.55,5,7,-2,-0.34,-0.03,Matches,a680fc25
761,Alex Santana,br BRA,MF,Corinthians,29,1995,3,106,35,3.1,1.2,1,59,0,2,24,7,1.33,0,1,-1,-0.85,-0.74,Matches,e75dc411
762,Alex Santana,br BRA,MF,Grêmio,29,1995,8,389,49,11.4,4.3,4,70,2,4,28,7,0.88,3,8,-5,-1.16,-1.22,Matches,e75dc411
763,Ademir Santos,br BRA,FWMF,Bahia,29,1995,30,1971,66,57.6,21.9,26,72,5,4,24,0,1.77,28,18,+10,+0.46,+0.83,Matches,4b7d58c2
764,Danilo Santos,br BRA,MF,Botafogo–RJ,23,2001,13,827,64,24.2,9.2,10,74,4,3,29,0,1.69,23,7,+16,+1.74,+1.60,Matches,a816dbfb
765,Eduardo Santos,br BRA,DF,RB Bragantino,27,1997,8,319,40,9.3,3.5,2,90,2,6,23,11,1.88,2,3,-1,-0.28,+0.04,Matches,d226094c
766,Guilherme Santos,br BRA,DF,Fortaleza,18,2006,0,,,,,0,,0,0,,7,,,,,,,Matches,6ddf82e1
767,Júnior Santos,br BRA,FW,Atlético Mineiro,30,1994,16,361,23,10.6,4.0,1,67,0,15,20,2,1.25,9,7,+2,+0.50,+0.59,Matches,9109e933
768,Rodrigo Santos,br BRA,MF,Fortaleza,24,2000,8,225,28,6.6,2.5,2,54,0,6,20,4,1.13,1,6,-5,-2.00,-1.72,Matches,657810ed
769,Wesley Santos,br BRA,DF,Mirassol,20,2004,0,,,,,0,,0,0,,2,,,,,,,Matches,afcfc50e
770,Renzo Saravia,ar ARG,DFMF,Atlético Mineiro,31,1993,19,1065,56,31.1,11.8,12,78,7,7,19,11,1.26,20,15,+5,+0.42,+0.65,Matches,cf316639
771,Eduardo Sasha,br BRA,FWMF,RB Bragantino,32,1992,33,2246,68,65.7,25.0,30,72,7,3,33,0,1.24,32,32,0,0.00,+0.92,Matches,b938b871
772,Lucas Sasha,br BRA,MF,Fortaleza,34,1990,31,2612,84,76.4,29.0,31,84,24,0,,1,1.19,29,41,-12,-0.41,-0.08,Matches,2e2ec9cf
773,Jefferson Savarino,ve VEN,MF,Botafogo–RJ,28,1996,27,1917,71,56.1,21.3,24,77,9,3,26,1,1.52,26,21,+5,+0.23,-0.66,Matches,91721722
774,Kike Saverio,es ESP,MF,Vitória,25,1999,2,33,17,1.0,0.4,0,,0,2,17,6,0.50,0,0,0,0.00,+0.45,Matches,1af67930
775,Gustavo Scarpa,br BRA,MF,Atlético Mineiro,31,1994,36,2302,64,67.3,25.6,25,79,11,11,29,1,1.28,28,28,0,0.00,+0.08,Matches,2964fd20
776,João Scatolin,br BRA,MF,Juventude,16,2008,1,25,25,0.7,0.3,0,,0,1,25,8,0.00,1,1,0,0.00,+0.90,Matches,68818eca
777,João Schmidt,br BRA,MF,Santos,31,1993,31,2153,69,63.0,23.9,25,83,15,6,15,2,1.29,35,31,+4,+0.17,+0.81,Matches,3630db1a
778,Davi Schuindt,br BRA,DF,Fluminense,20,2004,2,180,90,5.3,2.0,2,90,2,0,,1,2.00,5,4,+1,+0.50,+0.22,Matches,394256c4
779,Cleiton Schwengber,br BRA,GK,RB Bragantino,27,1997,34,3060,90,89.5,34.0,34,90,34,0,,0,1.24,40,48,-8,-0.24,+0.76,Matches,d24ae824
780,Yuri Sena,br BRA,GK,Vitória,24,2001,0,,,,,0,,0,0,,8,,,,,,,Matches,bf1dcf73
781,Serafim,br BRA,DF,Botafogo–RJ,20,2004,0,,,,,0,,0,0,,4,,,,,,,Matches,eb92bf7b
782,Paulo Sérgio,br BRA,FW,São Paulo,19,2005,3,26,9,0.8,0.3,0,,0,3,9,4,1.00,1,2,-1,-3.46,-3.38,Matches,a99d316c
783,Kevin Serna,co COL,MF,Fluminense,27,1997,33,2086,63,61.0,23.2,25,74,7,8,31,2,1.73,33,24,+9,+0.39,+0.25,Matches,f3cc4a6e
784,Igor Serrote,br BRA,DF,Grêmio,19,2005,7,512,73,15.0,5.7,6,78,4,1,45,3,1.14,6,6,0,0.00,+0.09,Matches,9331bda6
785,Juan Sforza,ar ARG,MF,Juventude,22,2002,8,272,34,8.0,3.0,2,71,1,6,22,5,0.75,1,6,-5,-1.65,-0.83,Matches,ff112582
786,Juan Sforza,ar ARG,MF,Vasco da Gama,22,2002,2,71,36,2.1,0.8,1,66,0,1,5,8,0.00,1,2,-1,-1.27,-1.16,Matches,ff112582
787,Shaylon,br BRA,MF,Mirassol,27,1997,13,439,34,12.8,4.9,3,73,1,10,22,5,2.08,3,1,+2,+0.41,-0.25,Matches,69c11ef0
788,Ogundana Shola,ng NGA,FW,Flamengo,19,2005,0,,,,,0,,0,0,,2,,,,,,,Matches,147420c1
789,Sidney,br BRA,MF,Bahia,18,2006,0,,,,,0,,0,0,,3,,,,,,,Matches,f28ea184
790,Aderlan Silva,br BRA,DFMF,Sport Recife,34,1990,14,920,66,26.9,10.2,10,79,5,4,32,6,0.43,9,23,-14,-1.37,-0.18,Matches,48371573
791,Aderlan Silva,br BRA,DF,Santos,34,1990,2,87,44,2.5,1.0,1,64,0,1,23,2,0.50,1,1,0,0.00,+0.14,Matches,48371573
792,André Silva,br BRA,FW,São Paulo,27,1997,20,1357,68,39.7,15.1,15,80,6,5,32,0,1.60,16,14,+2,+0.13,+0.39,Matches,dde93e2c
793,Da Silva,br BRA,DF,Mirassol,23,2001,0,,,,,0,,0,0,,2,,,,,,,Matches,4772a037
794,Gabriel Silva,br BRA,MF,Ceará,20,2004,0,,,,,0,,0,0,,1,,,,,,,Matches,6dea4d45
795,Gustavo Silva,br BRA,MFFW,Vitória,27,1997,10,480,48,14.0,5.3,6,57,0,4,35,2,1.10,6,7,-1,-0.19,+0.30,Matches,c9ed46c4
796,João Silva,pt POR,DF,Sport Recife,26,1999,14,990,71,28.9,11.0,10,88,8,4,28,22,0.50,6,21,-15,-1.36,-0.18,Matches,3990d93a
797,Luan Silva,br BRA,MF,São Paulo,25,1999,6,173,29,5.1,1.9,2,61,0,4,13,6,2.17,2,3,-1,-0.52,-0.44,Matches,12a226cf
798,Lucas Silva,br BRA,MF,Cruzeiro,31,1993,34,2751,81,80.4,30.6,32,85,20,2,17,1,1.94,45,22,+23,+0.75,+0.62,Matches,1c646218
799,Matheus Pereira da Silva,br BRA,MF,Fortaleza,26,1998,19,1285,68,37.6,14.3,15,80,8,4,21,2,1.47,18,19,-1,-0.07,+0.52,Matches,bef22bc4
800,Patrick Silva,br BRA,MF,Atlético Mineiro,20,2004,3,224,75,6.5,2.5,2,90,1,1,45,10,1.67,1,0,+1,+0.40,+0.46,Matches,d6667807
801,Thiago Silva,br BRA,DF,Fluminense,40,1984,25,2157,86,63.1,24.0,24,89,22,1,30,0,1.80,28,20,+8,+0.33,+0.12,Matches,86e7deaf
802,Vinicius Silvestre,br BRA,GK,Fortaleza,30,1994,2,180,90,5.3,2.0,2,90,2,0,,9,0.50,1,6,-5,-2.50,-2.22,Matches,1944518a
803,Luis Sinisterra,co COL,MF,Cruzeiro,25,1999,11,326,30,9.5,3.6,2,74,0,9,20,1,1.91,8,5,+3,+0.83,+0.22,Matches,8e16dd48
804,Cédric Soares,pt POR,MFDF,São Paulo,33,1991,25,1889,76,55.2,21.0,22,83,12,3,24,8,1.32,22,26,-4,-0.19,-0.19,Matches,839c14e1
805,Everton Soares,br BRA,MF,Flamengo,28,1996,23,874,38,25.6,9.7,9,61,0,14,23,10,2.17,24,5,+19,+1.96,+0.83,Matches,b1cbc666
806,Tiquinho Soares,br BRA,FW,Santos,34,1991,27,1252,46,36.6,13.9,13,71,3,14,23,9,1.11,19,20,-1,-0.07,+0.09,Matches,4d982baf
807,Fernando Sobral,br BRA,MF,Ceará,30,1994,30,1504,50,44.0,16.7,17,73,3,13,21,2,1.17,15,18,-3,-0.18,-0.04,Matches,c012aacd
808,Ramón Sosa,py PAR,MFFW,Palmeiras,25,1999,23,876,38,25.6,9.7,6,67,1,17,28,2,2.04,18,8,+10,+1.03,+0.21,Matches,2d3417a1
809,Yeferson Soteldo,ve VEN,MF,Santos,27,1997,5,326,65,9.5,3.6,3,84,2,2,37,0,0.40,2,3,-1,-0.28,-0.16,Matches,bbb6c951
810,Yeferson Soteldo,ve VEN,MF,Fluminense,27,1997,17,496,29,14.5,5.5,3,69,0,14,21,6,1.12,11,11,0,0.00,-0.34,Matches,bbb6c951
811,Adriano Sousa,br BRA,GK,Sport Recife,21,2003,0,,,,,0,,0,0,,7,,,,,,,Matches,3d52824f
812,Souza,br BRA,DF,Santos,18,2006,24,1639,68,47.9,18.2,19,81,11,5,21,6,1.38,25,22,+3,+0.16,+0.57,Matches,10b0c6f4
813,Fabiano Souza,br BRA,DF,Ceará,24,2000,34,2907,86,85.0,32.3,34,86,25,0,,2,1.21,30,32,-2,-0.06,+0.64,Matches,f5e7fdf9
814,Gabriel Souza,br BRA,DF,Juventude,22,2002,0,,,,,0,,0,0,,3,,,,,,,Matches,8ccabede
815,Gabriel Souza,br BRA,MF,Vasco da Gama,20,2005,12,136,11,4.0,1.5,0,,0,12,11,5,1.00,3,5,-2,-1.32,-1.24,Matches,56a85c3b
816,Hugo Souza,br BRA,GK,Corinthians,26,1999,26,2340,90,68.4,26.0,26,90,26,0,,0,1.27,29,30,-1,-0.04,+0.29,Matches,c02e5af1
817,Igor Vinícius de Souza,br BRA,MFDF,São Paulo,27,1997,3,164,55,4.8,1.8,2,82,1,1,1,3,1.67,1,1,0,0.00,+0.11,Matches,ec95088d
818,Igor Vinícius de Souza,br BRA,DF,Santos,27,1997,20,1302,65,38.1,14.5,15,82,10,5,16,5,1.30,24,17,+7,+0.48,+0.99,Matches,ec95088d
819,Josef de Souza,br BRA,MF,Vasco da Gama,35,1989,0,,,,,0,,0,0,,3,,,,,,,Matches,fb6530de
820,Raul Steffens,br BRA,GK,Botafogo–RJ,27,1997,2,180,90,5.3,2.0,2,90,2,0,,21,2.00,6,4,+2,+1.00,+0.50,Matches,32e3faa6
821,Everaldo Stum,br BRA,FW,Fluminense,33,1991,28,1352,48,39.5,15.0,15,79,4,13,13,7,1.86,24,10,+14,+0.93,+1.06,Matches,0ac3d7d8
822,Bruno Tabata,br BRA,MFFW,Internacional,27,1997,24,1073,45,31.4,11.9,12,65,1,12,24,9,1.08,16,17,-1,-0.08,+0.38,Matches,33fdf90d
823,Gabriel Taliari,br BRA,FWMF,Juventude,27,1997,34,2296,68,67.1,25.5,28,76,8,6,29,0,1.00,25,42,-17,-0.67,+0.69,Matches,75a16442
824,Gonzalo Tapia,cl CHI,FW,São Paulo,22,2002,20,1117,56,32.7,12.4,12,77,4,8,25,3,1.60,16,20,-4,-0.32,-0.32,Matches,cdbd6b8a
825,Tchê Tchê,br BRA,MF,Vasco da Gama,32,1992,29,2000,69,58.5,22.2,24,79,9,5,22,0,1.03,29,34,-5,-0.23,-0.23,Matches,5f2caf8f
826,Alex Teixeira,br BRA,FWMF,Vasco da Gama,35,1990,9,118,13,3.5,1.3,0,,0,9,13,11,0.78,2,4,-2,-1.53,-1.44,Matches,ae530c73
827,Alex Telles,br BRA,DF,Botafogo–RJ,32,1992,27,1690,63,49.4,18.8,22,72,6,5,22,4,1.70,29,15,+14,+0.75,+0.43,Matches,e73c9bb2
828,Douglas Telles,br BRA,MF,Flamengo,17,2007,2,84,42,2.5,0.9,1,72,0,1,12,1,2.00,4,3,+1,+1.07,-0.28,Matches,2303801d
829,Thaciano,br BRA,MFFW,Santos,29,1995,19,614,32,18.0,6.8,5,73,2,14,18,12,1.16,10,12,-2,-0.29,-0.20,Matches,139113e4
830,Thalys,br BRA,FW,Palmeiras,19,2005,2,88,44,2.6,1.0,1,63,0,1,25,12,2.00,2,1,+1,+1.02,+0.16,Matches,b6b3abf3
831,Thiago,br BRA,GK,Sport Recife,25,1999,0,,,,,0,,0,0,,11,,,,,,,Matches,602d20ae
832,Thiago,br BRA,GK,Vitória,25,1999,9,785,87,23.0,8.7,8,90,8,1,65,16,1.56,8,9,-1,-0.11,+0.43,Matches,602d20ae
833,Thiaguinho,br BRA,MF,Vitória,27,1997,0,,,,,0,,0,0,,2,,,,,,,Matches,ad967d57
834,Thomazella,br BRA,GK,Mirassol,34,1990,0,,,,,0,,0,0,,13,,,,,,,Matches,af976211
835,Rafael Thyere,br BRA,DF,Sport Recife,31,1993,24,2106,88,61.6,23.4,24,88,22,0,,3,0.58,21,48,-27,-1.15,+0.22,Matches,e2a29d9d
836,Tiago,br BRA,MF,Grêmio,16,2008,0,,,,,0,,0,0,,1,,,,,,,Matches,aa98440f
837,Tiago,br BRA,FW,Bahia,19,2005,25,902,36,26.4,10.0,5,65,1,20,29,10,1.60,18,12,+6,+0.60,+0.67,Matches,77ee5b27
838,Guilherme Tinga,br BRA,DF,Fortaleza,31,1993,11,752,68,22.0,8.4,8,86,7,3,20,16,1.09,12,16,-4,-0.48,-0.11,Matches,a8331ab0
839,Titi,br BRA,DF,Fortaleza,36,1988,3,269,90,7.9,3.0,3,90,2,0,,7,1.67,3,1,+2,+0.67,+1.15,Matches,ea41ddf7
840,Kauan Toledo,br BRA,FW,Botafogo–RJ,18,2006,2,7,4,0.2,0.1,0,,0,2,4,1,2.00,2,0,+2,+25.71,+25.24,Matches,2cc7bb98
841,Rafael Tolói,it ITA,DF,São Paulo,34,1990,7,499,71,14.6,5.5,6,76,4,1,45,3,0.86,5,6,-1,-0.18,-0.09,Matches,c56dc39e
842,Félix Torres Caicedo,ec ECU,DF,Corinthians,28,1997,10,647,65,18.9,7.2,8,79,6,2,9,23,1.50,9,10,-1,-0.14,-0.01,Matches,c0a8860f
843,Facundo Torres,uy URU,MFFW,Palmeiras,24,2000,29,1665,57,48.7,18.5,20,73,5,9,22,6,2.07,31,14,+17,+0.92,+0.10,Matches,4de3b2c0
844,Bruno Tubarão,br BRA,DFMF,Ceará,29,1995,7,100,14,2.9,1.1,0,,0,7,14,5,1.00,0,1,-1,-0.90,-0.76,Matches,5411ef4f
845,Vagno,br BRA,MF,Fluminense,17,2007,0,,,,,0,,0,0,,3,,,,,,,Matches,7a64a82b
846,Enner Valencia,ec ECU,FW,Internacional,35,1989,14,628,45,18.4,7.0,7,68,1,7,22,1,1.50,8,10,-2,-0.29,+0.07,Matches,fb485406
847,Vanderlan,br BRA,DFMF,Palmeiras,22,2002,3,198,66,5.8,2.2,3,66,1,0,,13,2.33,3,3,0,0.00,-0.92,Matches,bd8432ff
848,Vanderlan,br BRA,DF,RB Bragantino,22,2002,14,1055,75,30.8,11.7,12,86,9,2,11,1,1.20,18,21,-3,-0.26,+0.09,Matches,bd8432ff
849,Guillermo Varela,uy URU,DF,Flamengo,31,1993,20,1325,66,38.7,14.7,14,88,12,6,16,15,2.20,31,7,+24,+1.63,+0.47,Matches,5c961282
850,Pablo Vegetti,ar ARG,FW,Vasco da Gama,36,1988,35,2335,67,68.3,25.9,27,80,15,8,21,1,1.11,33,44,-11,-0.42,-0.92,Matches,06cc28cd
851,Raphael Veiga,br BRA,MF,Palmeiras,29,1995,25,1067,43,31.2,11.9,13,63,1,12,20,3,1.92,21,12,+9,+0.76,-0.16,Matches,6e5a3bc7
852,Yago Veloso,br BRA,DF,Flamengo,17,2007,0,,,,,0,,0,0,,1,,,,,,,Matches,86ac4884
853,Fausto Vera,ar ARG,MF,Atlético Mineiro,24,2000,18,1127,63,33.0,12.5,15,70,6,3,25,14,1.22,9,15,-6,-0.48,-0.68,Matches,8b3b381b
854,Breno Vereza,br BRA,DF,Vasco da Gama,17,2007,0,,,,,0,,0,0,,1,,,,,,,Matches,b77a8393
855,Gabriel Veron,br BRA,MF,Santos,22,2002,6,122,20,3.6,1.4,1,67,0,5,11,1,0.33,0,3,-3,-2.21,-2.16,Matches,6bc49da7
856,Gabriel Veron,br BRA,FWMF,Juventude,22,2002,13,639,49,18.7,7.1,7,58,0,6,39,1,1.00,2,13,-11,-1.55,-0.80,Matches,6bc49da7
857,João Victor,br BRA,DF,Vasco da Gama,26,1998,16,1435,90,42.0,15.9,16,90,15,0,,0,0.94,18,23,-5,-0.31,-0.31,Matches,d60cf08d
858,João Victor,br BRA,DF,Mirassol,27,1997,34,3059,90,89.4,34.0,34,90,33,0,,0,1.74,56,37,+19,+0.56,-0.69,Matches,d6d0c8bb
859,João Victor,br BRA,FW,Ceará,20,2004,1,6,6,0.2,0.1,0,,0,1,6,0,0.00,0,0,0,0.00,+0.16,Matches,e78d763e
860,João Victor,br BRA,DF,Flamengo,18,2007,4,194,49,5.7,2.2,3,60,1,1,14,20,1.75,4,6,-2,-0.93,-2.41,Matches,0eaa0f26
861,Marcos Victor,br BRA,DF,Ceará,23,2001,15,1343,90,39.3,14.9,15,90,14,0,,12,1.40,16,16,0,0.00,+0.26,Matches,d714fc5a
862,Lucas Vieira,br BRA,MF,Flamengo,17,2007,1,22,22,0.6,0.2,0,,0,1,22,0,1.00,0,0,0,0.00,-1.35,Matches,534f5cca
863,Viery,br BRA,DF,Grêmio,20,2005,3,50,17,1.5,0.6,0,,0,3,17,18,2.00,1,2,-1,-1.80,-1.75,Matches,73bec74e
864,Lucas Villalba,ar ARG,DF,Cruzeiro,30,1994,32,2864,90,83.7,31.8,32,90,31,0,,2,1.91,48,20,+28,+0.88,+1.53,Matches,2dc5144f
865,Mathías Villasanti,py PAR,MF,Grêmio,28,1997,16,1150,72,33.6,12.8,14,78,8,2,26,0,1.19,14,20,-6,-0.47,-0.59,Matches,05b642f7
866,Matías Viña,uy URU,DF,Flamengo,27,1997,8,281,35,8.2,3.1,2,66,0,6,25,10,2.75,10,2,+8,+2.56,+1.33,Matches,08eb3b58
867,Vinícius,br BRA,MF,Ceará,33,1991,16,567,35,16.6,6.3,5,62,1,11,23,0,0.88,6,7,-1,-0.16,0.00,Matches,ee01c84d
868,Alix Vinicius,br BRA,DF,RB Bragantino,25,1999,11,862,78,25.2,9.6,9,89,8,2,32,5,1.18,11,14,-3,-0.31,0.00,Matches,2083298b
869,Carlos Vinícius,br BRA,FW,Grêmio,29,1995,14,942,67,27.5,10.5,12,74,3,2,26,0,1.64,19,14,+5,+0.48,+0.77,Matches,8b529245
870,Heittor Vinicius,br BRA,FW,Palmeiras,17,2007,0,,,,,0,,0,0,,1,,,,,,,Matches,1f6e2909
871,Vitão,br BRA,DF,Internacional,24,2000,31,2719,88,79.5,30.2,31,88,29,0,,1,1.26,37,43,-6,-0.20,+0.70,Matches,d4f034db
872,Vitão,br BRA,DF,Atlético Mineiro,16,2008,0,,,,,0,,0,0,,2,,,,,,,Matches,971e8602
873,Vitinho,br BRA,MF,Bahia,20,2004,0,,,,,0,,0,0,,12,,,,,,,Matches,8fe7df30
874,Vitinho,br BRA,FW,Corinthians,31,1993,12,479,40,14.0,5.3,4,73,1,8,23,1,1.25,8,8,0,0.00,+0.15,Matches,a9e68c94
875,Vitinho,br BRA,DF,Botafogo–RJ,25,1999,36,2831,79,82.8,31.5,34,82,19,2,14,0,1.72,45,31,+14,+0.45,-0.47,Matches,9295dc1c
876,Vitinho,br BRA,MFFW,Internacional,25,1999,27,1679,62,49.1,18.7,20,74,5,7,28,3,1.22,17,29,-12,-0.64,-0.59,Matches,06d4b2e4
877,Kauan Vitor,br BRA,FW,Vitória,18,2006,0,,,,,0,,0,0,,1,,,,,,,Matches,705fa555
878,Zé Vitor,br BRA,MF,Mirassol,24,2000,2,25,13,0.7,0.3,0,,0,2,13,0,3.00,1,0,+1,+3.60,+2.99,Matches,11283939
879,Tiago Volpi,br BRA,GK,Grêmio,34,1990,32,2880,90,84.2,32.0,32,90,32,0,,0,1.22,37,43,-6,-0.19,-0.69,Matches,fba79ac8
880,Wagner,br BRA,DF,Grêmio,25,1999,29,2369,82,69.3,26.3,26,88,25,3,30,8,1.31,32,33,-1,-0.04,+0.13,Matches,25b28b59
881,Walace,br BRA,MF,Cruzeiro,29,1995,17,384,23,11.2,4.3,4,72,0,13,8,18,1.94,5,7,-2,-0.47,-1.24,Matches,26db8853
882,Wallace,br BRA,DF,Fluminense,17,2007,0,,,,,0,,0,0,,3,,,,,,,Matches,0249917e
883,Wallace,br BRA,FW,Flamengo,19,2005,17,443,26,13.0,4.9,4,62,1,13,15,12,2.00,10,7,+3,+0.61,-0.84,Matches,b83bc030
884,Wallysson,br BRA,FW,Atlético Mineiro,16,2008,0,,,,,0,,0,0,,1,,,,,,,Matches,dc3e5f0e
885,Walter,br BRA,GK,Mirassol,37,1987,31,2790,90,81.6,31.0,31,90,31,0,,5,1.84,49,29,+20,+0.65,+0.07,Matches,8bae322b
886,Wanderson,br BRA,MF,Cruzeiro,30,1994,27,1792,66,52.4,19.9,25,70,2,2,21,0,1.93,31,15,+16,+0.80,+0.36,Matches,5da33b33
887,Deivid Washington,br BRA,FW,Santos,19,2005,17,557,33,16.3,6.2,5,66,0,12,19,3,0.76,4,8,-4,-0.65,-0.61,Matches,95bd120d
888,José Welison,br BRA,MF,Fortaleza,29,1995,9,437,49,12.8,4.9,4,85,3,5,19,6,0.78,3,12,-9,-1.85,-1.67,Matches,b6cb4d16
889,João Wellington,br BRA,MF,Cruzeiro,21,2004,5,139,28,4.1,1.5,1,64,0,4,19,18,1.60,2,4,-2,-1.29,-2.01,Matches,62e02b9b
890,Wendell,br BRA,MF,Vitória,19,2005,1,66,66,1.9,0.7,1,66,0,0,,2,0.00,0,7,-7,-9.55,-9.28,Matches,ad5524cf
891,Wendell,br BRA,MFDF,São Paulo,31,1993,16,838,52,24.5,9.3,11,64,2,5,27,8,1.25,8,5,+3,+0.32,+0.57,Matches,f9acca3a
892,Gabriel Werneck,br BRA,GK,Flamengo,15,2009,0,,,,,0,,0,0,,1,,,,,,,Matches,d1455501
893,Wesley,br BRA,DF,Flamengo,21,2003,11,982,89,28.7,10.9,11,89,10,0,,3,1.91,20,5,+15,+1.37,+0.05,Matches,f2c49c79
894,Wesley,br BRA,MFFW,Internacional,25,1999,18,1233,69,36.1,13.7,16,75,4,2,15,0,1.28,19,17,+2,+0.15,+0.76,Matches,434de3a3
895,Weverson,br BRA,DF,Fortaleza,24,2000,4,219,55,6.4,2.4,2,90,2,2,20,5,0.00,1,9,-8,-3.29,-3.09,Matches,b9829bf7
896,Wéverton,br BRA,GK,Palmeiras,37,1987,26,2340,90,68.4,26.0,26,90,26,0,,0,2.26,51,23,+28,+1.08,+0.66,Matches,81be82e9
897,William,br BRA,DF,Cruzeiro,29,1995,30,2281,76,66.7,25.3,25,86,21,5,27,2,2.03,35,20,+15,+0.59,-0.12,Matches,d4d0a9ad
898,Willian,br BRA,MF,Vitória,31,1993,20,1411,71,41.3,15.7,16,82,9,4,27,6,1.10,7,14,-7,-0.45,0.00,Matches,96f82d0a
899,Willian,br BRA,MF,Grêmio,36,1988,6,308,51,9.0,3.4,4,55,0,2,45,0,2.17,7,6,+1,+0.29,+0.41,Matches,8b9ebd03
900,Estêvão Willian,br BRA,MFFW,Palmeiras,17,2007,11,831,76,24.3,9.2,9,82,3,2,45,0,2.00,10,7,+3,+0.32,-0.72,Matches,2eda11b1
901,Bruno Xavier,br BRA,MF,Vitória,28,1996,0,,,,,0,,0,0,,1,,,,,,,Matches,827d6315
902,Mateus Xavier,br BRA,MF,Santos,17,2007,3,39,13,1.1,0.4,0,,0,3,13,2,0.00,1,1,0,0.00,+0.13,Matches,55cc2965
903,Samuel Xavier,br BRA,DF,Fluminense,34,1990,29,2385,82,69.7,26.5,26,88,19,3,36,4,1.93,37,24,+13,+0.49,+0.66,Matches,0c870df5
904,Yago,br BRA,FW,Internacional,17,2007,2,73,37,2.1,0.8,0,,0,2,37,4,0.50,0,1,-1,-1.23,-0.91,Matches,2406d8a9
905,Yago,br BRA,MF,Mirassol,29,1995,19,630,33,18.4,7.0,8,58,0,11,15,14,1.74,9,8,+1,+0.14,-0.60,Matches,e2add0e7
906,Young,br BRA,GK,São Paulo,22,2002,3,270,90,7.9,3.0,3,90,3,0,,19,0.33,2,9,-7,-2.33,-2.42,Matches,be817fc6
907,Vinícius Zanocelo,br BRA,MF,Ceará,24,2001,15,1087,72,31.8,12.1,12,85,7,3,24,2,0.87,7,15,-8,-0.66,-0.74,Matches,27457e83
908,Cauã Zappelini,br BRA,MF,Botafogo–RJ,17,2007,0,,,,,0,,0,0,,9,,,,,,,Matches,ff7f7d73
909,Lukas Zuccarello,br BRA,MF,Vasco da Gama,18,2006,2,24,12,0.7,0.3,0,,0,2,12,0,0.50,0,1,-1,-3.75,-3.64,Matches,ad792e99